word,frequency
the,2697
of,1900
and,1200
is,1134
a,1081
to,1044
on,1022
in,980
for,954
(0),920
|,878
or,720
trash,684
pickup,606
day:,590
an,555
out,500
Pickup],484
alley:,477
this,469
at,458
collection:,457
Curbside,455
parked,441
[No],441
was,423
Trash,404
street,353
that,345
How,329
Constituent,320
be,315
with,308
are,303
has,299
Date,272
not,271
sidewalk,262
been,258
over,258
it,253
up,252
Please,251
Water,249
Scheduled,248
waste,247
Side,241
placed,239
requested,239
Item,238
Type,236
[Curb,236
scheduled,236
Air,235
parking,234
[TV,234
Conditioner,234
Refrigerator/Freezer,233
Cooler,233
Dehumidifier,233
Computer,233
Monitor,233
[Curbside,233
pickup:,229
tree,228
your,219
(0)],215
car,212
No.,212
The,205
from,200
have,196
no,193
there,191
Recycling,189
[Yes],186
(1),185
Plate,184
states,184
2022],182
[1],177
License,177
all,175
[Wednesday],166
abandoned,163
bags,158
front,151
reports,150
Park,149
I,148
June,148
when,141
you,140
This,138
car:,136
[Other],134
recycling,133
Is,132
Vehicle,129
they,128
blocking,127
[Tuesday],127
by,124
please,122
resident,122
if,121
park,119
as,116
still,112
but,110
No,107
Rats,107
Details:,106
carts:,106
units:,106
requesting,105
location:,105
illegally:,104
left,102
needs,102
construction,101
Yard,100
[Monday],100
picked,99
2,97
Type:,97
side,97
down,92
cars,92
can,91
Street,91
What,91
my,91
July,91
animal,90
yard,89
light,89
request,89
back,88
any,88
street.,87
here,87
Thank,86
[Mon/Thurs],85
one,84
sign,84
problem:,82
St,81
Make:,81
Cart,81
available:,81
Dead,80
remove,79
SR,79
owner:,79
Car,78
need,77
into,77
vehicle,76
outside,76
Waste,76
[BPRD],76
[MA],75
[Yard,74
Paper,74
street:,73
Model:,73
multiple,72
pole,72
water,72
Color:,71
off,70
missed,70
[Barrel],70
city,70
There,70
50,70
pick,69
property,67
It,67
lbs:,67
new,66
Cars,65
Exact,65
get,64
[Thursday],64
Boston,63
lot,63
grass,63
area,62
household,62
st,62
way,62
3,61
two,61
[Constituent,61
Barrels,61
[4DR],60
Bag],60
Sticker:,60
"[Wednesday,",60
day,59
broken,59
Rat,59
someone,58
mixed,58
trash:,58
vehicle:,58
City,58
due,58
rats,57
very,57
you.,57
now,57
truck,57
removal.,57
barrels,56
&,56
cart,56
sidewalk.,55
near,55
around,54
seen:,54
[Unknown],54
fixtures,54
it's,54
pothole,54
we,53
-,53
State:,53
so,53
"[Tuesday,",53
were,52
put,52
only,51
Requesting,51
next,51
location,51
going,50
fire,50
their,49
litter,49
nature,49
about,49
because,48
2022,48
being,48
like,48
"29,",48
debris:,47
more,47
property:,47
"material,",47
"paints,",47
plumbing,47
tires:,47
***],47
New,47
number,47
Color,47
days,46
her,46
corner,46
ticket,46
Make,46
behind,45
traffic,45
stop,45
Day:,45
identification:,45
State,45
bites:,44
house:,44
hydrant,44
between,44
house,44
our,43
people,43
across,43
illegally,43
Registration:,43
them,43
(2),43
clean,43
"[Monday,",43
Model,43
Time,42
zone,42
see,42
reported,42
vehicles,42
[Friday],42
Do,42
Other,41
up.,41
signs,40
lights,40
come,40
dead,40
public,40
Can,39
also,39
noise,39
spot,39
trees:,39
do,38
.,38
large,38
Tree,38
driveway,38
barrel,38
sign:,38
road,38
"28,",38
"27,",38
A,37
coming,37
week,37
weeks,37
[Cart],37
dog,37
plate,37
time,37
"[Friday,",37
will,37
last,37
contains,37
overgrown,36
found,36
running,36
safety,36
sticker,36
lane,36
"[Thursday,",36
reside,36
since,35
closest,35
alley,35
field,35
cut,35
rat,35
night,35
weeds,34
before,34
which,34
Where,34
other,34
They,34
Public,34
end,34
building,34
owned,34
without,34
Not,33
supposed,33
plates,33
walk,33
[Truck],33
pavement,33
playground,33
sidewalk:,33
every,33
Broken,32
Ave,32
same,32
area.,32
just,32
Parked,32
Parking,31
it.,31
glass,31
than,31
MA,31
debris,31
park.,31
address,31
It's,31
permit,31
where,31
noticed:,31
work,31
would,31
few,30
taking,30
hole,30
request:,30
pothole:,30
"1,",30
On,30
moved,30
entrance,29
bike,29
Overflowing,29
issued,29
[2],29
should,29
am,29
situated,29
bus,29
Location,28
walking,28
too,28
If,28
St.,28
can't,28
[3],28
Litter,28
5,28
Explanation,28
Return:,28
right,28
dumped,28
after,28
[SUV],28
sidewalk/roadway:,27
animal:,27
evidence,27
intersection,27
Needle,27
gas,27
Construction,27
Illegal,27
airplane,27
these,27
bin,27
missing,27
commercial,27
inspection,27
time.,26
AND,26
never,26
light:,26
along,26
trucks,26
middle,26
cover,26
some,25
Property,25
box,25
damage:,25
Number,25
its,25
intersecting,25
bag,25
trees,25
there:,25
[0],25
old,25
several,25
Has,25
residents,25
Around,25
tow,25
knocked,25
Item(s),24
was/were,24
up:,24
both,24
Resident,24
curbside,24
turn,24
fix,24
day.,24
causing,24
Multiple,24
Pole,24
rodent,24
In,24
curb,24
plastic,24
We,24
manhole,24
well,23
ground,23
rats:,23
home,23
today,23
had,23
IN,23
1,23
take,23
management,23
[Cleaning/Trash],23
violation,23
taken,22
rear,22
attached,22
utility,22
removed,22
issue,22
send,22
Huntington,22
Problem:,22
case,22
trash.,22
months,22
then,22
under,22
know,22
Overgrown,21
through,21
Cause,21
Street.,21
fence,21
carts,21
LED,21
entire,21
open,21
South,21
access,21
past,21
exactly,21
branch,21
hanging,21
made,21
cart.,21
Large,21
Sidewalk,21
[Tues/Fri],21
[GreySilver],21
Blocking,21
BPD,20
States,20
who,20
used,20
tow.,20
Logan,20
school,20
handicap,20
police,20
kids,20
Witnessed,20
incident:,20
lines,20
Abandoned,20
yellow,20
Light,20
@mayorwu,20
@citycouncil,20
"30,",20
explain:,19
don't,19
located,19
THE,19
[White],19
dumpster,19
close,19
Electric,19
removed.,19
she,19
[Car],19
many,19
blockage:,19
fell,19
[On,19
Roadway],19
Two,19
accident,19
cleaning,19
making,19
Monday,19
White,19
cleaned,19
full,19
Why,19
go,18
least,18
[Roadway],18
hazard,18
space,18
Signal,18
inside,18
completely,18
[Street],18
Graffiti,18
code,18
[Sidewalk],18
whole,18
make,18
Damaged,18
cans,18
lot.,18
Missing,18
morning,18
what,18
[Mon/thurs],18
branches,18
days.,17
Pothole,17
help,17
Quantity:,17
hour,17
[Trash,17
size,17
[TV],17
blocked:,17
neighbors,17
Sign,17
potholes,17
weeks.,17
route.,17
garbage,17
week.,17
report,17
out.,17
[GREYSILVER],17
owner,17
illegal,17
Commercial,16
Ticket,16
double,16
pedestrians,16
needle,16
collection,16
top,16
does,16
courts,16
[Blue,16
Box],16
onto,16
Does,16
driveway.,16
[Electric],16
[Debris,16
closed,16
green,16
empty,16
everywhere,16
residential,16
spot.,16
"broken,",16
big,16
hit,16
expired,16
white,16
[Grass,16
overhead,16
skipped,16
ago,16
early.,16
loud,16
early,16
recycle,16
"7,",16
collected,16
small,16
"5,",16
almost,16
pole:,16
tickets,16
[BLACK],16
overflowing,16
looks,16
graffiti,16
SUV,15
pad,15
crosswalk,15
state,15
gets,15
thank,15
side.,15
bird,15
live,15
Illegally,15
did,15
damaged,15
knockdown:,15
growing,15
constituent,15
doesn't,15
[Resident,15
spot],15
activity,15
emergency,15
Cutting],15
Dorchester,15
provide,15
base,15
you!,15
requests,15
play,15
4,15
"street,",15
marked,15
says,15
wrong,15
6,15
look,15
Big,14
three,14
property.,14
Blue,14
could,14
West,14
part,14
hill,14
[Traffic],14
Violation,14
parking.,14
Limb/branch,14
tree:,14
[Rodent],14
Brookline,14
One,14
additional,14
[Motor,14
debris],14
long,14
intersection.,14
moving,14
East,14
spots,14
again,14
line,14
threw,14
leaf,14
Non,14
Tow,14
door,14
Missed,14
keep,14
tag,13
[06/30/2022],13
[Public],13
Avenue,13
"Street,",13
via,13
Road,13
much,13
changes,13
installed,13
Front,13
cannot,13
These,13
ticketing,13
replace,13
came,13
north,13
Silver,13
lots,13
parks,13
ticket.,13
something,13
location.,13
ave,13
why,13
@,13
information,13
(if,13
needed):,13
black,13
his,13
drain,13
poop,13
until,13
yesterday,13
I'm,13
how,13
Case,13
called,13
sides,13
Several,13
here.,13
block,13
roadway,13
while,13
permits,13
blocked,13
zone.,13
hours,13
working,13
mowed,13
sure,13
van,13
months.,13
times,13
Loud,13
nights,13
Cambridge,13
[06/28/2022],13
[Blocking,12
hydrant],12
outdoor,12
appears,12
Hill,12
pedestrian,12
RPP,12
7,12
units,12
off.,12
seen,12
neighborhood,12
he,12
sticker.,12
Unkempt,12
10,12
during,12
another,12
Tuesday,12
getting,12
half,12
thanks,12
done,12
house.,12
power,12
repair.,12
Black,12
upgrade,12
baseball,12
specify:,12
currently,12
signal,12
"6,",12
tons,12
car.,12
(1)],12
food,12
That,12
video,12
800,12
900,12
pool,11
crossing,11
OF,11
THIS,11
Alley,11
barrel:,11
fixture,11
license,11
yard.,11
let,11
red,11
home.,11
children,11
[5],11
planted,11
loose,11
garden,11
AT,11
TO,11
[The,11
fall,11
address.,11
End,11
replaced.,11
BagBarrel],11
Rubbish,11
My,11
NO,11
already,11
either,11
"park,",11
basket:,11
filled,11
private,11
lawn,11
issued.,11
able,11
(3),11
elderly,11
morning.,11
Vehicles,11
wires,11
blue,11
use,11
pleading,11
North,11
Washington,11
Thanks,11
dangerous,11
doing,11
tape,11
station,11
",",11
dogs,11
means,11
sewer,10
ON,10
bins,10
limit,10
falling,10
[Normal,10
Dumpster,10
contain,10
working.,10
15,10
ramp,10
"Also,",10
leaving,10
check,10
Shopping,10
me,10
reason,10
leave,10
today.,10
dirt,10
move,10
blocks,10
extremely,10
PLEASE,10
high,10
Grass,10
scene:,10
reporting,10
unable,10
installed.,10
person,10
School,10
Ronan,10
years,10
waiting,10
Boston.,10
call,10
difficult,10
drive,10
Barrel,10
Mulitple,10
lights:,10
contact,10
More,10
pls,10
hot,10
Charlestown,10
foot,10
using,10
issues,10
shopping,10
BTD,10
huge,10
stopping,10
wall,10
dark,10
posted,10
At,10
Wednesday,10
"""legal"".",10
implement,10
laws,10
"Brookline,",10
"Cambridge,",10
"Lisbon,",10
Portugal!,10
YouTube,10
make.,10
Find,10
instagram,10
@missionhilllitter!,10
"

Walk",10
02115,10
ESPECIALLY,10
rats!,10
chew,10
"overpopulate.

Please",10
standards!,10
enclosed,10
(turn,10
lock),10
bins!,10
"sidewalk,",10
limb,10
ago.,9
unsafe,9
Splash,9
isn't,9
splash,9
church,9
rest,9
Beacon,9
sidewalks,9
Thanks!,9
Now,9
bad,9
Ave.,9
Also,9
crew,9
in.,9
"property,",9
leaning,9
property],9
needed,9
mess,9
Fire,9
Right,9
basement,9
There's,9
TOW,9
Someone,9
four,9
Tremont,9
NOT,9
[Concrete],9
approximate,9
needed.,9
having,9
point,9
find,9
Lots,9
windows,9
away,9
[Sign],9
cracked,9
site,9
now.,9
problem,9
sinking,9
tree.,9
attention,9
st.,9
20,9
cones,9
squirrel,9
makes,9
issue.,9
pole.,9
hydrant.,9
Truck,9
money,9
related,9
waste:,9
details:,9
[Street,9
apartment,9
needles,9
south,9
14,9
Expired,9
Huge,9
Glass,9
cut.,9
"'Other',",9
homeless,9
month,9
Traffic,9
longer,9
happens,9
sitting,9
permit.,9
[No,9
directly,9
Are,9
feet,9
anyone,9
prune,9
night.,9
playground.,9
west,9
basket,9
General],9
Park.,9
basketball,9
[front],9
told,8
added,8
entering,8
IS,8
limbs,8
against,8
main,8
Need,8
waste.,8
Lot,8
believe,8
even,8
single,8
streets,8
trim,8
company,8
concerned,8
advise,8
section,8
care,8
closing,8
asphalt,8
hours.,8
Very,8
[Branch],8
owners,8
cause,8
material,8
driving,8
emptied,8
Convert,8
"overhead,",8
heavy,8
Needs,8
control,8
posts,8
second,8
[One],8
order,8
possible,8
putting,8
grown,8
yesterday.,8
removal,8
stuck,8
nearby,8
houses,8
spaces,8
sign.,8
us,8
drivers,8
surrounding,8
stop.,8
[Alley],8
overnight,8
Many,8
E,8
sweeper,8
stickers.,8
hasn't,8
Kids,8
replaced,8
conditions,8
trailer,8
nothing,8
flat,8
[NISSAN],8
damage,8
bridge,8
walkway,8
material:,8
Notified,8
Toyota,8
constant,8
All,8
I've,8
People,8
mass,8
per,8
[06/29/2022],8
turning,8
Sunday,8
bricks,8
Square,8
year.,8
cross,8
And,8
before:,8
low,8
Homeless,8
gallon],8
marking:,8
want,8
each,8
MVA,8
pm,8
Thursday,8
Loose,7
opened,7
draining,7
might,7
FROM,7
FOR,7
Same,7
Jeep,7
visitor,7
Zone,7
Brighton,7
deterioration],7
specify,7
enter,7
Common,7
Code,7
snow,7
dirty,7
paper,7
angell,7
garage,7
sign],7
looking,7
[10],7
"8,",7
[Multiple,7
non,7
gate,7
building.,7
sink,7
PULL,7
BOX,7
BEFORE,7
pieces,7
furniture,7
Out,7
those,7
alleyway,7
W,7
fallen,7
conversion,7
rectilinear,7
Arietta.,7
NOTE:,7
drilled,7
aluminum,7
Existing,7
unsuitable,7
container,7
stickers,7
on.,7
cart],7
Request,7
pickup.,7
barriers,7
bag],7
fixed,7
water.,7
matter,7
possibly,7
year,7
Parks,7
shop,7
allowed,7
within,7
business,7
Rd.,7
Ford,7
3rd,7
significant,7
infront,7
traps,7
playing,7
constantly,7
pull,7
everyone,7
rodents,7
[Toyota],7
goes,7
plates.,7
Ct,7
daily,7
led,7
[FORD],7
tires,7
[Irrigation],7
this.,7
window,7
safe,7
bench,7
down.,7
description:,7
inbound,7
well.,7
Stop,7
wheelchair,7
enforce,7
run,7
got,7
Could,7
[Ford],7
lives,7
corner.,7
road.,7
slide,7
35,7
walk.,7
n,7
Franklin,7
Last,7
faded,7
Interested,7
Adopt,7
program:,7
"St,",7
receptacle,7
throughout,7
above,7
painted,7
took,7
neighbor,7
bar.,7
[Limb],7
flowing,7
[Requestformechanicalsweeping],6
cone,6
cleaned.,6
Since,6
seem,6
Conditioner],6
belong,6
they're,6
vehicles.,6
w,6
ALL,6
[More,6
Than,6
Three],6
HAS,6
out.],6
covering,6
hurt,6
#,6
[Fire,6
lane],6
dark.,6
[6],6
underneath,6
bigger,6
barrel.,6
bottom,6
item,6
curb.,6
maintenance,6
Replace,6
concrete,6
covered,6
install,6
cement,6
standard,6
arm,6
orange,6
Lights,6
"st,",6
Residents,6
piles,6
didn't,6
24,6
Sinkhole,6
tennis,6
Titus,6
Says,6
[Chevy],6
[Blue],6
TIE,6
AS,6
NEEDED,6
ONE,6
gone,6
sunken,6
Both,6
become,6
department,6
stated,6
sit,6
Will,6
increase,6
seeing,6
Good,6
third,6
[4],6
[Mon/Fri],6
complaint,6
set,6
"4,",6
table,6
leaves,6
9,6
Owner,6
[Cleaning],6
legal,6
continues,6
actual,6
smell,6
place,6
So,6
here?,6
post,6
court,6
floor,6
roof,6
tickets.,6
Green,6
clearly,6
hazard.,6
Thanks.,6
partially,6
[Honda],6
WITH,6
You,6
hitting,6
Nissan,6
Been,6
passage,6
bed,6
earlier,6
smashed,6
minutes,6
proper,6
43,6
[HONDA],6
busy,6
60,6
tables,6
first,6
VFW,6
trail,6
BWSC,6
city.,6
8,6
impossible,6
lane.,6
Bus,6
Leaf,6
saw,6
Berkeley,6
PARKING,6
paint,6
picture,6
Just,6
metal,6
that's,6
repair,6
fountain,6
towards,6
Dartmouth,6
softball,6
T,6
yet,6
alot,6
location.],6
trying,6
Field,6
sweep,6
again.,6
Size,6
years.,6
frequently,6
Lane,6
Bag,6
overflowing.,6
12,6
advance,6
[rear],6
wood,6
bush,6
ramps,6
boston,6
dump,6
Tubman,6
[Ground,6
Maintenance,6
Gray,5
result,5
swept,5
Used,5
regular,5
Pick,5
work.,5
[Air,5
dumpsters,5
100,5
flooded,5
fixing,5
hoping,5
STREET,5
boxes,5
TRASH,5
BEEN,5
HERE,5
telephone,5
falls,5
93,5
dining,5
smells,5
throwing,5
"'Barrel',",5
Cummins,5
items,5
went,5
bridge.,5
beer,5
bottle,5
[Please,5
Summer,5
Atlantic,5
40,5
broke,5
41,5
33,5
Along,5
70w,5
ball,5
"missed,",5
tagged.,5
vehicles],5
drop,5
hard,5
gate.,5
tried,5
Outside,5
alarm,5
major,5
obstructing,5
dying,5
Our,5
Sparrow,5
illegally.,5
community,5
274/w,5
L.E.D.,5
LIVE,5
HP,5
couple,5
bushes,5
cart.],5
Nonstop,5
repaired,5
less,5
injured,5
attracting,5
guys,5
recently,5
mentioned,5
flex,5
recylin,5
Melbourne,5
timing,5
locked,5
(4),5
OK,5
deliver:,5
House,5
311,5
Hanover,5
"it,",5
missed.,5
shutoff,5
[Sidewalk,5
Residential,5
yard],5
i,5
TV,5
She,5
starting,5
parked.,5
spots.,5
little,5
fields,5
square,5
Rd,5
Contractors,5
2nd,5
active,5
happened,5
hoop,5
facing,5
valuable,5
calling,5
properties,5
living,5
suv,5
narrow,5
[Handicapped,5
space],5
different,5
Honda,5
[Double,5
safely,5
[Jeep],5
Copley,5
including,5
previously,5
street],5
Debris,5
plot,5
vehicle.,5
[TOYOTA],5
interfere,5
feeding,5
spaces.,5
[None],5
[there,5
Charles,5
bottles,5
name,5
Second,5
[One,5
stairs,5
"car,",5
Send,5
ISD,5
"up,",5
cobra,5
mva,5
Couch,5
Transfer,5
else,5
Mission,5
really,5
back.,5
Dog,5
ongoing,5
missing.,5
patch,5
delivery,5
panel,5
rd,5
rats.,5
[Black],5
spotted,5
instead,5
Only,5
brick,5
there.,5
inches,5
Double,5
summer,5
won't,5
Mass,5
leash,5
posted.,5
signals,5
swings,5
Station,5
started,5
visible,5
always,5
backyard,5
shut,5
sleeping,5
NEEDS,5
Across,5
ARE,5
must,5
[55,5
Enforcement,5
Highland,5
potholes.,5
cited,5
Scumbag,5
bitten,5
holes,5
cite,5
soon,5
health,5
one.,5
Trash/debris,5
Cut,5
seems,5
storage,5
individuals,5
Pole],5
Saturday,5
stolen,5
Draper,5
overhanging,4
head,4
"bottles,",4
sweeping,4
Was,4
town,4
keeps,4
landing,4
exiting,4
130,4
Myrtle,4
collected.,4
infestation,4
Restaurant,4
Commonwealth,4
Turner,4
Wharf,4
meets,4
row,4
Exposed,4
Hwy.,4
older,4
[Audi],4
Too,4
bulk,4
u,4
Another,4
trimmed,4
exposed.,4
Probably,4
garbage.,4
Called,4
(see,4
[Controller/Timing,4
Issues],4
Basket,4
47,4
preventing,4
St],4
"traffic,",4
repeatedly,4
halfway,4
attn:,4
[Ball,4
fields],4
wide,4
Claremont,4
End.,4
Greenwich,4
[Whole,4
Tree],4
Your,4
Always,4
#105,4
W.SECND,4
BETWEEN,4
BRIDGE,4
ST.,4
INSTALL,4
24'POLE,4
W/SINGLE,4
STNDARD,4
ARM,4
FIXTURE,4
FEED,4
while.,4
speed,4
uncapped,4
broken],4
branches.,4
Flag,4
[Construction],4
from:,4
bulb,4
"

[submitted",4
[Rodent,4
maybe,4
benches,4
that'll,4
Sq,4
porch.,4
[Back,4
turned,4
Constant,4
[Private],4
"bin,",4
stolen.,4
Friday,4
[YES],4
Concord,4
MISSED,4
door.,4
St.],4
Garbage,4
waterfront.,4
signage,4
storm,4
tree],4
standing,4
odor,4
yard.],4
happen,4
store,4
property.],4
opposite,4
access.,4
bad.,4
give,4
"there,",4
especially,4
severely,4
consistently,4
cars.,4
As,4
tagged,4
pulling,4
far,4
appreciate,4
Can't,4
loading,4
spring,4
feces,4
Some,4
blower,4
neighboring,4
belongs,4
show,4
child,4
apartments.,4
[Container],4
FIRE,4
29,4
once,4
75,4
group,4
RESIDENT,4
assistance,4
"night,",4
Chestnut,4
Any,4
hand,4
wash,4
"day,",4
"home,",4
Bricks,4
land,4
4th,4
view,4
vandalized,4
[2DR],4
apartment.,4
info:,4
way.,4
concern,4
schedule,4
appear,4
"road,",4
[BLUE],4
"side,",4
[Fence,4
Repair],4
/,4
tv,4
Roxbury,4
Noyes,4
constant.,4
Warren,4
"trash,",4
Left,4
Russell,4
not.,4
til,4
[WHITE],4
Subaru,4
limited,4
repair:,4
return,4
Next,4
[Refrigerator/Freezer],4
ZONE,4
Filthy,4
mattresses,4
littered,4
Three,4
Working,4
warren,4
flowering,4
may,4
Smith,4
Saratoga,4
NY,4
killed,4
Newbury,4
"area,",4
occurring,4
[Acura],4
flower,4
Would,4
"""no",4
shouldn't,4
Adams,4
fix.,4
paid,4
36,4
Dark,4
portion,4
800L,4
ask,4
present,4
registration,4
Boylston,4
Near,4
[Bird],4
broken.,4
station.,4
immediate,4
human,4
Worcester,4
team,4
Bike,4
good,4
notify,4
reach,4
[RedOrange],4
comes,4
entrance.,4
Off,4
Over,4
(5),4
building],4
equipment,4
Back,4
bags.,4
[the,4
them.,4
[side],4
Playground,4
trimming.,4
stroller,4
throw,4
behind.,4
Centre,4
is.,4
stays,4
great,4
Small,4
poles,4
Gas,4
placard,4
traffic.,4
dropped,4
[Lane,4
Line],4
birds,4
First,4
[Pedestrian,4
dumping,4
please.,4
weekend,4
"Avenue,",4
!!!,4
we're,4
going?,4
ready,4
Shawmut,4
flashing,4
condition.,4
Household,4
everywhere.,4
inspect,4
feature,4
closed.,4
sidewalk],4
7am,4
outage,4
pole],4
tomorrow,4
Potholes,4
Verizon,4
responsibility.,4
die,4
25,4
brush,4
wasn't,4
Clevemont,4
Everett,4
!,4
?,4
safely.,4
underneath.,4
neighborhood.,4
areas,4
Open,4
21,4
Today,4
said,4
Permit,4
direction,4
Reported,4
themselves,4
Bowdoin,4
mall,4
much.,4
[unknown],4
Harriet,4
down:,4
Light],4
Wires,4
exposed:,4
Lawrence,4
tick,4
handicapped,4
provided,4
Gordon,4
sprinkler,3
pipes,3
sprinklers,3
clogged.,3
Behind,3
lanes,3
accessible,3
Really,3
[THERE,3
PROPERTY,3
CART,3
Harvard,3
exact,3
Emptied,3
rack,3
photo.,3
electric,3
89,3
57,3
"permit,",3
[CT],3
Concrete,3
apart.,3
dumpster.,3
daily.,3
Bocce,3
waterfront,3
"fine,",3
Woman,3
burrowing,3
[65,3
plus],3
Garden,3
1667,3
Must,3
adjacent,3
Bench,3
late,3
Enforcement.,3
8th,3
[I,3
toilet,3
stopped,3
Everyday,3
pick-up,3
mowed.,3
fine,3
daycare,3
outside.,3
attracted,3
105,3
S,3
status,3
Empty,3
37,3
Opposite,3
materials.,3
[Litter/Glass],3
dumping.,3
"lot,",3
56,3
Leaking,3
oncoming,3
commerical,3
TVs,3
all.,3
games,3
Paris,3
Babe,3
Ruth,3
asap.,3
Central,3
Grounds,3
prevented,3
sidewalk.],3
turns,3
starts,3
disturbing,3
newly,3
dug,3
folks,3
wheelchairs,3
strollers.,3
disgrace.,3
Texas,3
Orleans,3
#10,3
knee,3
unmoved,3
wheels,3
Library,3
hazardous,3
BAGS,3
[06/24/2022],3
Pembroke,3
shade,3
sleep.,3
changed,3
https://seeclickfix.com/issues/12770860],3
stones,3
Ambulance,3
called.,3
unattended,3
infestation.,3
Health,3
Call,3
wondering,3
anywhere,3
weekly,3
"intersection,",3
eye,3
bolt,3
Chelsea,3
start,3
ran,3
"house,",3
electrical,3
Dorchester.,3
caller,3
[front,3
street.],3
MVA.,3
prevent,3
"cart,",3
crosswalk.,3
51,3
bait,3
wales,3
ASAP,3
Bicycle,3
remove.,3
say,3
ever,3
planting,3
Reside,3
plantings:,3
overflow.,3
clogged,3
[Front,3
monitor,3
attract,3
186,3
fined,3
Harrison,3
originally,3
service,3
amount,3
turn.,3
auto,3
body,3
oil,3
Kia,3
term,3
own,3
"truck,",3
Number:,3
30,3
Jamaica,3
Box,3
occupants,3
flies,3
unsanitary,3
following,3
blew,3
amounts,3
thrown,3
PM.,3
submitted,3
permits.,3
else.,3
anytime,3
[VW],3
[4AYT21],3
route,3
We've,3
cracks,3
customers,3
parked],3
Food,3
giving,3
read,3
"driveway,",3
jeep,3
often,3
weekends.,3
minute,3
given,3
--,3
st],3
received,3
marking,3
[Tree],3
B,3
Should,3
minutes.,3
contractor,3
left.,3
windshield,3
hammering,3
rock,3
Audi,3
ground.,3
5th,3
activity.],3
headed,3
Hyde,3
Hyundai,3
done.,3
insect,3
rodent:,3
Edinboro,3
required,3
project,3
young,3
[In,3
damaged.,3
inspected,3
beginning,3
"week,",3
"now,",3
setting,3
"sticker,",3
pipe,3
deck,3
nest,3
Original,3
tents,3
underpass,3
frame,3
belly,3
seating,3
disabled,3
despite,3
heading,3
chained,3
try,3
lived,3
anything,3
National,3
Perkins,3
piling,3
[AUDI],3
With,3
Mayor,3
6.,3
tags,3
trailers,3
Fence,3
Taking,3
Looks,3
month.,3
Deterioration],3
[Resurfacing],3
center,3
streets.,3
Dagle,3
[Light,3
changing],3
Lights],3
most,3
PARKED,3
[Two],3
Northampton,3
died.,3
general,3
tagging,3
Utility,3
Connecticut,3
residence.,3
ticketed,3
PM,3
[15],3
court.,3
Rodent,3
MBTA,3
Marlborough,3
beeping,3
cases,3
"""No",3
Making,3
267,3
meter,3
[Green],3
enforce.,3
"way,",3
think,3
grey,3
Emergency,3
Plenty,3
lazy,3
endanger,3
patients,3
Don,3
Orion.,3
ticket/tow,3
can’t,3
For,3
properly,3
(,3
pretty,3
condition,3
Don't,3
BTD.,3
Fireworks,3
gray,3
"
Thank",3
Motorcycle,3
showing,3
DP,3
pass,3
scattered,3
keeping,3
load,3
AM,3
frequent,3
actually,3
driver,3
enjoy,3
planter,3
purposely,3
Children,3
memorial,3
someone.,3
bar,3
it’s,3
children.,3
damaging,3
Fort,3
abandoned.,3
stretch,3
cutting,3
revere,3
fixed.,3
field.,3
dog.,3
Tons,3
Hole,3
flow,3
animals,3
lighting,3
tripped,3
winter,3
[Solar-Powered,3
Belly],3
june,3
29th,3
silver,3
sounds,3
fencing,3
[Trades,3
He,3
miss,3
discarded,3
secured,3
man,3
inspector,3
trip,3
lines.,3
Clancy,3
worse,3
RAKED,3
swept.,3
debris.,3
Mirabella,3
Pool,3
Have,3
pike,3
Weld,3
M,3
cleared,3
literally,3
seconds.,3
sparrow,3
fountain.,3
residence,3
beautiful,3
trashcan,3
Saint,3
wheel,3
(2)],3
BE,3
Polcari,3
walkers,3
too.,3
top.,3
"Park,",3
structure,3
tire,3
complaining,3
addressed,3
[2,3
"months,",3
"
It",3
pitch,3
pedestrians.,3
through.,3
etc,3
desperately,3
"everywhere,",3
only.,3
An,3
"Boston,",3
pruning.,3
Third,3
remain,3
Duncan,3
nearly,3
backing,3
motorcycle,3
deep,3
crews,3
repairs,3
job.,3
porch,3
Maybe,3
"hydrant,",3
towed.,3
taken.,3
Safety,3
trap,3
PWD,3
restaurants,3
tax,3
pit,3
LOCATED,3
Burned-out,3
mantles,3
replacement.,3
rear],3
mattress,3
19,3
barrell,3
pay,3
path,3
tot,3
bend,3
Rodents,3
pruning,3
52,3
Mercedes,3
continue,3
enforcement,3
Yellow,3
Preference],3
update,3
refuses,3
sedan,3
8am,3
tenants,3
leading,3
NEW,3
likely,3
out],3
Single,3
ripped,3
one's,3
forming,3
bunch,3
27,3
RUNNING,3
May,3
River,3
ticket.],3
bystander.,3
Power,3
companies,3
pruned?,3
Ruskin,3
saying,3
replacement,3
Day,3
casting,3
ticket],3
nice,3
changed.,3
wharf,3
catchbasin,3
mirror,3
However,3
HUGE,3
enough,3
gutter,3
eat,3
Half,3
Chandler,3
maintained,3
random,3
[30,3
asking,3
digging,3
Baldwin,3
Medford,3
Extremely,3
stay,3
correct,3
scraps,3
Deep,3
permitted,3
everyone's,3
Shore,3
E.,3
GMC,3
opening,3
leaking,3
there's,3
Bennet,3
Entire,3
"issue,",3
When,3
ma,3
Jim,3
Rice,3
lock,3
"02115.

I",3
rooming,3
X,3
flying,3
Every,3
complaints,3
Corolla,3
NH,3
Stopping,3
incidents,3
stained,3
sidewalks?,3
drove,3
kid,3
apartments,3
Attn,3
DCR,3
Passed,3
held,3
Rolling,3
Bridge,3
mow,3
[Vertical,3
Play,3
idea,3
happening,3
Under,3
paved,3
collect,3
Mt.,3
[Over,3
sharp,3
Bell,3
gaps,3
holborn,3
filled.,3
Remove,3
everyday,3
catch,3
pooling,3
[06/27/2022],3
[Flashing/Blinking],3
"
Please",3
140,3
family,3
except,3
Forest,3
poor,3
02134,3
porches,3
BYD,2
Somekind,2
bucket,2
sand,2
April.,2
Pad-,2
spouts,2
functioning,2
properly.,2
[ground,2
hog],2
[12:50],2
accumulating,2
alleyway.,2
Stairs,2
(drain,2
unclogged,2
landings,2
okay).,2
westbound,2
hydrnat,2
ramps.,2
crosswalks,2
repainted,2
correspond,2
sides.,2
sadly,2
plow,2
Franklin.,2
grate,2
sinking.,2
Anthony's,2
Shrine.,2
KINDS,2
TRASH/DEBRIS,2
OVER,2
GROWN,2
GRASS/WEEDS,2
ACROSS,2
LOCATION.],2
ORIGINAL,2
WAS,2
STOLEN,2
574-576,2
YEARS....(COMPLAINT,2
#101002794296),2
STILL.,2
RATS,2
Tasca,2
city-installed,2
Urgent:,2
cables,2
02135.,2
#93,2
"St.

[submitted",2
https://seeclickfix.com/issues/12773986],2
ensure,2
Acetuna,2
Grill,2
space..,2
"overflowing,",2
seagulls,2
shredding,2
Continuing,2
complaints.,2
Attracts,2
gull,2
pigeons,2
lightening,2
Courts,2
attention!,2
[LIGHTING_ELECTRICAL],2
everyday.,2
inspector.],2
fiz,2
926,2
sale,2
display,2
graffiti.,2
hangs,2
"time,There",2
[Alfa,2
Rd],2
tag],2
[9FF912],2
today(Wed-Trash,2
day).,2
tracking,2
everything.,2
details,2
taken!,2
barrel!],2
log,2
jam,2
Av.,2
situation.,2
Tenant,2
pointed,2
ignored,2
Hummer,2
Cornwr,2
prince,2
Hopkins,2
lagan.,2
EVERYWHERE,2
19',2
w/43W,2
diapers,2
NJ,2
Huntingtotn,2
October,2
4077682)],2
Bush,2
Elderly,2
"Monday,states",2
aste,2
rain.,2
st..doesn't,2
exsesive,2
page....excessive,2
street...people,2
Overgrowth,2
directions.],2
[Recently,2
"built,",2
leftover,2
limbs/yard,2
neighbor's,2
[Side,2
19ft,2
tie,2
Adams.There,2
coolers.Nexted,2
coolers,2
condom.,2
"[""Ashton",2
"St""",2
[Barrels,2
"alleyway,",2
access.],2
[Left,2
door.],2
electricity,2
limbs.,2
visisble,2
sight],2
[Rear,2
70,2
Stanley,2
Hamilton,2
doubles,2
Burrell,2
"parked,",2
hydrants,2
inersection,2
senior,2
"access,",2
deliveries.,2
[Flora,2
Explora],2
[N12883],2
Governor,2
ballcrew,2
ymca,2
holders,2
t-ball,2
tuesdays,2
thursday,2
Vehicles],2
tournament,2
tommorow,2
6/29,2
babe,2
ruth,2
(Sal,2
Manowiths,2
field),2
"plate,",2
Burying,2
[they,2
Whe,2
provider,2
ten,2
thay,2
cursing,2
"[rear,",2
school],2
536,2
runs,2
SW,2
Corridor,2
Consistent,2
Rats:,2
Bites:,2
House:,2
Property:,2
8-9,2
monument,2
sq,2
(same,2
owner),2
midst,2
"renovation,",2
"ignorant,",2
Jersey,2
A20,2
–,2
HUH,2
Court,2
Backboard,2
#22028488,2
Portapotty,2
passable.,2
thoughtless,2
impacts,2
inforcement,2
[around,2
lot.],2
moment,2
lawyer.,2
aggressive,2
man.,2
Bessie,2
Barnes,2
Warwick,2
Sussex,2
[Dark,2
Blue],2
[9YX947],2
[11:54],2
[Groundhog],2
[11:36],2
RUN,2
CABLE,2
card,2
mown,2
five,2
Crest,2
haircut,2
Hooker,2
meter.,2
sign.],2
[0056720],2
rabbits,2
[lid,2
[R9003600],2
threating,2
"street,so",2
serviced.The,2
now.The,2
[Wednesday(Thursday)],2
685,2
ILLEGALY,2
DUMPED,2
DID,2
PUT,2
THESE,2
HERE!!!,2
[1,2
feet],2
[14:59],2
"bright,",2
shines,2
Requests,2
bright.,2
lifted,2
trip.,2
Had,2
awhile.,2
"adjacent,",2
102,2
Talba,2
involved.,2
inspection:,2
Mimmie,2
518-502-8232],2
rodents.],2
[Rear],2
backyard.,2
mobility,2
summer.,2
plenty,2
fourth,2
unit,2
light.,2
Rutland,2
porch],2
bit,2
protective,2
over.,2
"alley,",2
Noise,2
apart,2
nor,2
constantly.,2
greatly,2
trees!,2
maintain,2
spraying,2
[cart,2
spill,2
open],2
Morton,2
activity.,2
wheels],2
east,2
noted,2
sewers,2
patched,2
"corner,",2
sore,2
neighborhood.],2
suspicious,2
tall,2
Martin's,2
Bennington,2
2021,2
place.,2
"tree,",2
Storm,2
rains,2
Drain,2
sticks,2
though,2
(Wednesday),2
washing,2
machine,2
overnight.,2
till,2
Monday.,2
194,2
Havre,2
Week,2
mouse,2
odd,2
however,2
informed,2
save,2
lilac,2
hockey,2
rink,2
shards,2
kids.,2
worked,2
evening.,2
Faneuil,2
numbered,2
contractors,2
bellflower,2
lot?,2
subject,2
"

If",2
"so,",2
towed,2
similar,2
available.,2
rabbit,2
31,2
Four,2
packed,2
Trucks,2
doubled,2
4th.,2
flies.,2
gutted,2
Harvest,2
dropping,2
ground.The,2
specific,2
Once,2
Bring,2
leak,2
"ago,",2
rusty,2
Instead,2
removing,2
zip,2
Private,2
developer/contractor,2
HYDRANT,2
189,2
beeps,2
Peterborough,2
difficulty,2
BC,2
"potholes,",2
pavement.,2
Newton,2
ONLY,2
US,2
wasting,2
understanding,2
Florida,2
Everyone,2
feel,2
Its,2
Way,2
mayor,2
job,2
recurring,2
HAVE,2
talk,2
49,2
53,2
cant,2
larger,2
worker,2
od,2
windows.,2
Freedom,2
Trail,2
Flaherty,2
condo,2
rental,2
residents.,2
[HP,2
777,2
buildings,2
Lexus,2
Numerous,2
repeat,2
ticketed.,2
massive,2
Flat,2
toward,2
foot.,2
151,2
[UNKNOWN],2
[TK],2
kinds,2
Fridge,2
Shattered,2
sick.,2
Owner's,2
Occupants,2
[Same,2
Caller],2
4ft,2
reached,2
Department,2
Anderson,2
noted.,2
windy,2
thing,2
seriously,2
Building,2
Phillips,2
Cedar,2
placing,2
420,2
defacing,2
dwight,2
ac,2
shoebox,2
roadway.,2
Approx,2
Healey,2
appeared,2
Gutter],2
[09:10],2
[A,2
patio,2
[8HL775],2
Rusty,2
fill.,2
tires.,2
moved.,2
drainage,2
barrier,2
"bushes,",2
knowing,2
moped,2
billings,2
maintained.,2
"abandoned,",2
asap,2
April,2
"tires,",2
Overflow,2
chronic,2
"equipment,",2
further,2
Intersection,2
added.,2
sightings,2
2a,2
[computer,2
"processor,",2
keyboard,2
printer],2
After,2
full.,2
apparently,2
hornets,2
South.,2
"removed,",2
hall,2
doorway,2
AC,2
AC.,2
Hayes,2
Bed,2
savin,2
mistake,2
Pizza,2
unacceptable.,2
Amory,2
guess,2
110,2
11.,2
degrees,2
raccoon,2
ft,2
move.,2
"dumpster,",2
Springfield,2
materials,2
[Van],2
forth,2
Major,2
Hill.,2
resurfacing,2
overflow,2
abuse,2
email,2
Wu,2
Hampshire,2
Totaled,2
[07:00],2
Sprinklers,2
hers,2
[PU],2
February,2
island,2
truck.,2
[BROWNGOLDTAN],2
towing.,2
Beechland,2
"Roslindale,",2
Ma,2
Circle,2
offering,2
[submitted,2
boarding,2
They're,2
complex,2
red.,2
Birch,2
Pl,2
wharf.,2
Recycle,2
"missing,",2
sail,2
solar,2
info,2
CARS,2
ROAD,2
LOT,2
PARK,2
serviced,2
Explaint:,2
[Tree,2
planted.,2
Prunus,2
x.,2
Rosacea,2
'okame',2
(we,2
tree.),2
you.],2
before.,2
"days,",2
[dead,2
median,2
Aware,2
system,2
York,2
continuously,2
resident.,2
chance,2
you!!!,2
tonight,2
overrun,2
.Could,2
[20],2
suspects,2
177,2
six,2
area],2
Alex's,2
pizza.,2
me.,2
occurrence.,2
rules,2
found.,2
[COMMERCIAL,2
VEHICLE,2
"Parking""",2
"zone,",2
Marine,2
issue.],2
[Hyundai],2
comm,2
(2,2
beds,2
building.],2
paying,2
end.,2
continuing,2
later,2
Either,2
finally,2
ramp.,2
van.,2
dies,2
that’s,2
7th.,2
plaza,2
refused,2
right?,2
cat,2
brown,2
Previous,2
spray,2
suitcase,2
22,2
stone,2
photo).,2
Danger,2
SIDEWALK,2
prevents,2
"fence,",2
short,2
blocking.,2
"

The",2
Orient,2
bicycle,2
operating,2
lined,2
idiot,2
150,2
ivy,2
room,2
photos,2
Wall,2
pack,2
Rutherford,2
music,2
Peter's,2
board,2
party,2
tripping,2
wiped,2
2020,2
Spray,2
Plus,2
schools,2
71,2
button.,2
Hello!,2
Lower,2
climbing,2
toddler,2
[Play,2
Equipment],2
Gulf,2
parts,2
Giant,2
avoid,2
plate.,2
expired.,2
[JEEP],2
chair,2
Hotel,2
someone's,2
Buick,2
d,2
boys,2
girls,2
tower,2
focus,2
Manhole,2
bittersweet,2
Curb,2
cuts,2
Hazardous,2
drilling,2
Winston,2
flowers,2
Group,2
artificial,2
turf,2
basis,2
Andrew,2
drug,2
real,2
Still,2
explain,2
I'd,2
26,2
turtles,2
pictured,2
cormorant,2
shows,2
wanted,2
alert,2
Walk,2
zoo,2
Full,2
jammed,2
beside,2
basket/barrel,2
"Wed,",2
(4)],2
[trash,2
416,2
alley],2
Comm,2
doors,2
upside,2
wooden,2
improvement:,2
park],2
Excess,2
Bay,2
responsibility,2
By,2
closure,2
From,2
planter.,2
badly,2
[whole,2
schedule.,2
decker,2
Work,2
Saturdays.,2
afraid,2
Recyling,2
Dennis,2
[Standard,2
Basket],2
"barrels,",2
ground],2
[OTHER],2
[VAN],2
inspection.,2
looked,2
fast,2
cans?,2
break,2
hard.,2
anderson,2
Coppa,2
Walsh,2
Dogs,2
(and,2
no-parking,2
vacant,2
N,2
cutting.,2
inspections,2
users,2
best,2
expect,2
players,2
footbridge,2
James,2
aren't,2
regularly,2
strong,2
relocate,2
this?,2
(no,2
local,2
Prince,2
courts.,2
simply,2
somewhere,2
"
Thanks",2
:),2
path.,2
Harambee,2
Garvey,2
nexted,2
limit.,2
Whole,2
Paul,2
Revere,2
mess.,2
please!!!,2
grounds,2
danger,2
quickly,2
approved,2
Altima,2
gotten,2
raised,2
centerfield,2
available,2
tight,2
smoking,2
Let's,2
"people,",2
Who,2
piled,2
"Zone,",2
anytime.,2
Line,2
Bronco,2
Heavy,2
bleachers,2
sent,2
"Ave,",2
touching,2
potential,2
easy,2
assist,2
[Rat],2
uneven.,2
disabilities.,2
sorts,2
tell,2
[BRA],2
Van,2
rejection,2
staying,2
couch,2
request.,2
870,2
pad.,2
Signal],2
Indicator,2
Working],2
mowing,2
phillips,2
65,2
lights.,2
wants,2
horrible,2
DO,2
signs.,2
Willow,2
by.,2
dangerous.,2
awful,2
they've,2
maneuver,2
shrubs,2
Overpass,2
[Motorcycle],2
long.,2
russell,2
row.,2
such,2
"out,",2
approximately,2
event,2
s,2
::spot::,2
haven't,2
While,2
connected,2
clean.,2
asked,2
kind,2
matter.,2
dining.,2
beautification,2
use?,2
replacing,2
information?,2
"400,000+",2
"fee,",2
mind,2
businesses,2
hope,2
answer,2
"questions,",2
media.,2
print.,2
802L,2
mail,2
BACK,2
dried,2
Bags,2
Mattress,2
people.,2
educate,2
noticed,2
[Broken,2
[constituent,2
rubbish,2
Constituents/neighbors,2
decrease,2
NOW,2
IT,2
HAZARD,2
Meet,2
footpath,2
Cedric,2
usual,2
nearest,2
MAss,2
Headquarters,2
ownership.,2
pile,2
bike.,2
better,2
leash.,2
violating,2
divider,2
faded/worn,2
drivers.,2
Divider],2
[Crosswalk],2
Red,2
Mazda,2
exit,2
(which,2
"wood,",2
PRIVATE,2
BRANCHES,2
DOWN,2
ALSO,2
roxbury,2
Conflicting,2
supply,2
trash/debris,2
gallon,2
interfering,2
wires.,2
Fallon,2
RECYCLING,2
flooding,2
Dangerous,2
[Graffiti],2
Little,2
Monica's,2
BLOCKING,2
weird,2
containers,2
"building,",2
spilling,2
Most,2
curious,2
Ave],2
pl,2
weed,2
collection.,2
engine,2
"at,",2
Hazard,2
"

What",2
THROUGH,2
YARDS;,2
OUT,2
THEY,2
swap,2
lamp,2
burned,2
oneway,2
"year,",2
Moakley,2
charter,2
rid,2
previous,2
delivered,2
collecting,2
complaint.,2
"sleep,",2
Hood,2
please!!,2
drinking,2
party.,2
woods,2
Pond.,2
trimming,2
weekend.,2
"pole,",2
direction.,2
Mattapan,2
[rear,2
homes,2
bent,2
emptied.,2
drivable,2
[DJCAP],2
Smell,2
rolled,2
paths,2
continually,2
puts,2
"yard,",2
[back,2
moving.,2
source,2
trash.],2
drives,2
vacation,2
past.,2
"do,",2
bush.,2
pass.,2
16,2
Here,2
bays,2
[ACURA],2
"basis,",2
ADA,2
minimum,2
required.,2
Starr,2
"curb,",2
probably,2
[8],2
grab,2
gonna,2
St:,2
zone/fire,2
serious,2
mirror.,2
avenue,2
[Front],2
St.),2
passing,2
dorchester,2
wind,2
litter.,2
Champney,2
Prentiss,2
Lake,2
Roseclair,2
whether,2
restore,2
accident.,2
grass],2
cemetery,2
Parker,2
heavily,2
MEET,2
ST,2
Regular,2
"Monday,",2
Sewer,2
porta,2
[Restaurant,2
lid,2
cleanup,2
8:30,2
6/27/22,2
Actual,2
post.,2
attempted,2
Basketball,2
love,2
liquid,2
[REDORANGE],2
6:30,2
workers,2
dragging,2
"window,",2
dugout,2
bring,2
tied,2
manageable,2
bundles,2
feet:,2
"area.

I",2
easily,2
Dirt,2
torn,2
disgusting,2
Squeaky,2
Carolina,2
Park:,2
projects,2
Cones,2
Ross,2
[Hutchings],2
Penn,2
clock,2
one-way,2
fireworks,2
notification,2
busted,2
"spots,",2
-glass,2
professional,2
W44380,2
6CX5167,2
designated,2
64,2
Signed,2
pristine,2
@MayorWu,2
Man,2
himself,2
ATV,2
smaller,2
entered,2
works,2
wagon,2
apparatus,2
ave.,2
[18:13],2
[squirrel],2
Rabbit,2
[Squirrel],2
bang,2
felt,2
riding,2
bikes,2
appreciated,2
mural,2
franklin,2
decided,2
Sink,2
bunny,2
vomit,2
[Dead,2
etc.,2
risk,2
unacceptable,2
"

Thank",2
pot,2
anymore.,2
Old,2
colony,2
barrels.,2
commonwealth,2
handles,2
collect.,2
retaining,2
45,2
Bleachers,2
SWEPT.,2
improvement!,2
Joy,2
7th,2
prior,2
CONDUIT,2
"before,",2
dead.,2
Drive,2
off:,2
"afternoon,",2
"""resolved""",2
Sunday.,2
bay.,2
fence.,2
Columbus,2
sculpture.,2
O'Day,2
6:15,2
[All,2
"[""No",2
walkway.,2
noisy,2
Permission,2
Arborway,2
Service,2
"again,",2
cool,2
Bowen,2
dot,2
length,2
woken,2
thought,2
arrive,2
unknown,2
Stuck,2
unplugged,2
plugged,2
finished.,2
sinkhole,2
Sudbury,2
"
Has",2
Belly,2
detail,2
Pretty,2
lincoln,2
Mr.,2
Im,2
playlot,2
debre,2
cleans,2
stand,2
1912-1936,2
"is,",2
"Please,",2
"it?
Appreciate",2
"it.

[submitted",2
https://seeclickfix.com/issues/12606339],2
389,2
rotary,2
[Old,2
clear,2
[Pavement,2
Marking],2
7-11,2
freaked,2
realized,2
bay,2
strewn,2
scooter,2
sited,2
Eighth,2
unit.,2
24',2
fixture.,2
cable,2
angle,2
shelter,2
eating,2
“Thank,2
contacting,2
311.,2
submitted.”,2
OPEN,2
"RESOLVED,",2
no?,2
"

Again",2
clarification.,2
"hiding,",2
"name,",2
phone,2
email.,2
Chevy,2
bump,2
fill,2
accountability.,2
happy,2
17,2
basins,2
catchbasins,2
Euston,2
Even,2
transportation,2
returned,2
disaster,2
smelled,2
life,2
Broadway,2
whatever,2
right.,2
tags.,2
reusable,2
wast,2
parties,2
peace,2
family.,2
couches,2
pool.,2
rush,2
hour.,2
outreach,2
Hills,2
window.,2
taste.,2
review,2
"ramp,",2
ended,2
[This,2
Allston,2
"Allston,",2
are.,2
edges,2
Chester,2
42,2
Upton,2
[Brick],2
separator,2
alternate,2
Richardson,2
Uncapped,2
rain,2
Landsdowne,2
Florian,2
R9,2
55,2
left.Red,2
pourch],2
[0413404846],2
[0312411308],2
steps,2
ornamental,2
9th,2
Charlestown.,2
upper,2
pole/light,2
globe,2
persons,2
patrol,2
Wildwood,2
Woolson,2
honking,2
see.,2
91,2
MassDOT,2
fake,2
Brown,2
Street],2
jobs,2
nonstop,2
thur,1
monday,1
sidewalk-,1
recepticle,1
Commons,1
"contained,",1
umkempt.],1
[Back-,1
side-,1
Grass],1
issues.,1
ankle,1
visits,1
benches:,1
added?,1
Glenway,1
Page,1
photo,1
holder.,1
cardboard,1
them.],1
bins.],1
"evening,
The",1
"""clear",1
"corners""",1
chaotic,1
safer.,1
"installed,",1
Grille,1
854,1
systematically,1
vandals.,1
vandalised,1
"accident?
Thank",1
lion,1
fountains,1
Honan-Allston,1
library,1
(The,1
button,1
water).,1
on?,1
reset,1
Human,1
Feces,1
[Pick,1
normally,1
"reliable,",1
today],1
See,1
101004368619,1
band,1
WHEELS.,1
[(Tuesday)],1
[37378],1
[(TUESDAY)],1
[39269],1
Wed,1
[38951],1
out.The,1
racoon,1
pulled,1
mess],1
.Trash,1
porta-potty,1
associated,1
Disgusting.,1
[514#0027255],1
[R9#006513],1
tvs,1
Seymour,1
appreciated!,1
[R9#014208],1
identification,1
one!!,1
minimize,1
dust.,1
[bottom,1
cracked],1
[#R95140016634],1
replaced],1
[R9#006142],1
Oil,1
[Cracked,1
[r9,1
019828],1
broken.],1
[R9#019393],1
648,1
buried,1
"mangled,",1
entirely,1
"flowing,",1
[Standard],1
[514-0027225],1
[Newe,1
"delivered,",1
needed],1
[R9#017798],1
....wrong,1
[Lot,1
Erie,1
Michigan],1
BARREL,1
ontop,1
grooming,1
977,1
973,1
donors,1
Random,1
bandstand,1
To,1
supervisor,1
1399,1
marsh,1
downed,1
assessed,1
"doable,",1
we’d,1
"clogged,",1
filed,1
ect.,1
terrible.,1
Friday.,1
it-,1
"rains,",1
[Consistent,1
computer,1
it;s,1
[Computer,1
Monitor],1
Roosters,1
chickens,1
SOWA,1
packing,1
noises,1
8:36pm,1
confused,1
unfounded.,1
[Building,1
debri,1
"proprty,",1
(101004369381).,1
stating,1
"serviced,",1
case#4370690,1
issue),1
30-60,1
quoted.,1
Her,1
husband,1
dying.,1
"inspection,",1
conversions,1
#21,1
#29,1
Wainwright,1
style,1
rectilinears,1
Ariettas.,1
Note:,1
drill,1
grips.,1
trash/move,1
merry,1
round,1
stick,1
groove.,1
rotting,1
berries,1
"Hello,",1
sweep?,1
Quite,1
Schraffts,1
Tough,1
skaters,1
Thx,1
brought,1
28-34,1
Whiting,1
#s:,1
"2XNB54,",1
1XBY83],1
Leftover,1
can!,1
door-,1
December-,1
overgrown-,1
concerns,1
pests/rats-,1
Hydrants,1
"night?
Hydrant",1
".

Light",1
#20,1
Different,1
"here,",1
3-7,1
bellflower.,1
Orange,1
construction.,1
"""over",1
"line""",1
towing?,1
"not,",1
thar,1
driveway?,1
"legal,",1
sign?,1
rights,1
company?,1
Garage,1
Holes,1
Thatcher,1
repair!!!,1
Glenmont,1
[Rabbit],1
[10:07],1
Florence.,1
Florence,1
creating,1
cyclists.,1
"high-score?

[submitted",1
https://seeclickfix.com/issues/12686211],1
"idling,",1
delivering,1
Quin,1
RS,1
7780,1
you're,1
vicinity,1
[broken,1
[9677195],1
"1JGA43
Silver",1
"KIA,",1
cleanup.,1
(amp),1
4LAH,1
"weeks
Across",1
#115,1
Dunster,1
"Plain
On",1
Correction,1
"out
Front",1
214,1
marginal,1
"street.
Street",1
#20.,1
heat,1
don’t,1
utilize,1
"stove,",1
floors,1
68,1
walls/plaster/windows,1
dust/paint/glass/debris,1
backyards.,1
loads,1
7am.,1
Tripping,1
collecting!,1
guts,1
to!,1
Downed,1
roots,1
embedded,1
#4,1
Cheney,1
[Active,1
site.Tow,1
down.The,1
you.Cars,1
driveway.],1
baits,1
contacted,1
areas.],1
11,1
please?,1
stepped,1
1:10,1
pox,1
division,1
"""fixed""",1
hoop.,1
meaning,1
involve,1
(although,1
used).,1
mention,1
collapsed,1
"""fixed.""",1
backboard,1
safe.,1
120,1
Savinhill,1
SIDE,1
[09:16],1
[Owner,1
Magee,1
sherrin,1
Hydepark.,1
homes.],1
20+,1
mins,1
min,1
[1bmt52],1
non-residents,1
[3cdp27],1
(Ontario,1
plate)],1
reccycling,1
egress,1
thx,1
ride.,1
Newton.,1
dips,1
plan,1
repave,1
future?,1
We'd,1
repaved,1
soon.,1
flexposts.,1
Oliveira's,1
bc,1
measures,1
Put,1
N.Y.,1
plates..,1
306,1
[Truck,1
#1:,1
#2:,1
Morgan,1
Hospitality],1
students,1
renting,1
lawn.,1
dropoff,1
inform,1
overreaching,1
incorrect,1
Badge,1
4657,1
in....,1
cxt0465,1
Inspect,1
"removal,",1
goung,1
[1adt821],1
force,1
rules.,1
jog,1
toilets.,1
sanitation,1
Farragut,1
6th,1
Twomey,1
v85390.,1
.cars,1
gies,1
wu.,1
[3cpj71],1
included,1
constituent's,1
disposing,1
BUNCH,1
ROACHES,1
MICE,1
APT,1
"1,2",1
",3TERRIBLE",1
"
FAMILIES",1
THAT,1
MESS,1
KIDS,1
58-60,1
Brookdale,1
[east,1
cottage,1
violence!!,1
promotes,1
violence.,1
Wake,1
up!!,1
[residential,1
[Gas],1
noticeable,1
smell:,1
Streets,1
",You",1
tuen.,1
[Maverick],1
week.Someone,1
sidewalk.The,1
pw,1
look.,1
"regularly,",1
markinging,1
ouside,1
Prune,1
"request,",1
extended,1
Rec,1
weeded.,1
Included,1
picture.,1
Seven,1
"moving,",1
"brookline,",1
nowhere,1
song,1
labeled,1
Matthew's,1
Flatbed,1
movement.,1
T32,1
200.,1
Mice,1
droppings,1
pest,1
improvement...,1
worst,1
...,1
matter...,1
glass.,1
[BMW],1
[3yem89],1
LEAST,1
December,1
[1LSH66],1
protect,1
puddingstone.,1
ONGOING,1
ISSUE,1
developer,1
agreed,1
PAUSE.,1
chipping,1
ALL.,1
offender,1
would've,1
cleaner,1
Disrespectful,1
neighbors.,1
[08:56],1
cap,1
(since,1
winter),1
[Bird,1
crushing,1
men,1
Suv,1
medical,1
gauze,1
strips,1
(NO,1
NEEDLES),1
Unregistered,1
Sonata,1
3EGL35,1
Abandoned/,1
unregistered,1
Confirmed,1
"tenants,",1
claiming,1
[9BJ348],1
109,1
&89,1
insects,1
landlord,1
occasions,1
worried,1
[Mnunir,1
357-319-1922],1
[Cockroaches,1
insects],1
Essex,1
inaccessible.,1
ADA.,1
Transportation,1
response.,1
Middle,1
Baxter,1
remains,1
powering,1
humongous,1
anybody,1
today!,1
somebody,1
hurt!,1
27-29,1
Dwight,1
cigarette,1
butts,1
Advent,1
study.,1
Commercia,1
l,1
chip,1
away.,1
trips,1
losers,1
[Rat,1
al,1
nasty],1
residential.,1
61,1
HPS,1
arrietta.,1
Look,1
mattahunt,1
separate,1
feed.,1
algove,1
Stanhope,1
Contact,1
listed,1
suddely,1
expired.],1
[on,1
Alcove,1
freida,1
flour,1
bakery,1
hasn’t,1
"tire,",1
[2dvs47],1
Canterbury.,1
tuesday.,1
"van,",1
YMCA,1
Tufts,1
WTC,1
"tuesday,",1
flood,1
buildings.,1
yet?,1
:(,1
Humboldt,1
repaired.,1
way],1
botom,1
YMCA.,1
Size:,1
[Medium],1
Gender:,1
[Male],1
Section,1
claybourne,1
breeds,1
"mosquitos,",1
rodents.,1
[INFINITY],1
[142T30],1
hecla,1
refrigerator,1
[4BTJ71],1
Vespa,1
type,1
motor,1
Cases,1
#101004329412,1
"#101004327135,",1
"""a",1
considered,1
"vehicle""",1
Suburu,1
WRX,1
Grey,1
[Worcester,1
"Shawmut,",1
BMC],1
shepard,1
ct,1
refridgerator,1
211,1
Reservation,1
"Rd,",1
of.,1
migration,1
defective,1
furnace,1
Plumber,1
assess,1
Toilet,1
deacon,1
Concord.,1
vent,1
hog,1
Appliances,1
Covid.,1
Tremendous,1
Daily,1
Compost,1
99,1
Restaurants,1
Webster,1
5:30,1
carousel,1
apt,1
floor.,1
20th,1
resubmitting,1
dept,1
bees,1
spoke,1
verbally.,1
#101004359096.,1
encampment,1
pita,1
Drug,1
unsure,1
Canton,1
"Ave.

Thank",1
Removed,1
CE,1
inspection.],1
[  Single-Unit,1
Belly ],1
drain.,1
M.,1
Denos,1
Floor,1
.bathrooms,1
filthy.,1
CoB,1
"kitchen,",1
storage.,1
[sign,1
missing],1
[debris,1
passage],1
12.,1
"working,",1
huh?,1
Liter,1
loitering,1
Constiuent,1
(#4367235),1
360,1
home..,1
citations,1
Longfellow,1
"Cambridge

[submitted",1
https://seeclickfix.com/issues/12772047],1
"outbound,",1
~500,1
Corey.,1
Tractor,1
"Richards,",1
Cone,1
saving,1
employee,1
m90-029,1
DUNKIN,1
coffee,1
twenty,1
inbound.This,1
ops,1
managers.,1
Penske,1
Cerdan,1
shut.,1
Evidence,1
Newland,1
months!,1
"promptly,",1
do.,1
ourselves,1
chemicals.,1
Cabinetry,1
"spot,",1
[Columbus],1
[Eddie's,1
Cabinetry],1
rosewood.,1
grid,1
cutout,1
"manholes,",1
"cracks,",1
rough,1
surfacing,1
cycling,1
complete,1
Poor,1
"surroundings,",1
"control,",1
"covers,",1
pattern,1
Lanlord,1
bags],1
[NY],1
Taxi,1
cab.,1
"""Ganga.",1
"Inc""",1
written,1
years!,1
towed!!,1
sending,1
[Large],1
[06/23/2022],1
[2NYK58],1
Mr,1
Suarez,1
exactl,1
Tucson,1
classroom,1
[2AZH17],1
LYALL,1
TERRACE,1
DEAD,1
END.,1
[TX],1
hitched,1
[TRAIL],1
[5393981],1
Thrown,1
Eastman.,1
I'll,1
2007,1
Chevrolet,1
Suburban,1
"Beige/Tan
License",1
62V,1
"410
Parked",1
Residence,1
January,1
"27th,",1
earlier.,1
spaces;,1
forrester,1
[SUBARU],1
[KAK646],1
[VT],1
Concerned,1
upcoming,1
"weather,",1
[2778DD],1
Lodging,1
House.,1
Iona,1
beech,1
Hasn't,1
2-3weeks.,1
annoying,1
156,1
Cir.,1
02131.,1
[9zc762],1
124,1
[169mz5],1
shifted,1
"psychic
readings",1
Marketplace,1
Surface,1
cook,1
https://seeclickfix.com/issues/12749334],1
[large,1
road],1
[06:45],1
[Lorna],1
[Recycling,1
ours,1
side?,1
Thanks!],1
p/u,1
Leon,1
"Crane,",1
Perry,1
league,1
Emmons,1
DPW,1
accessing,1
[Seymour],1
VERY,1
6:58am.,1
Led,1
Albano,1
7:16am.,1
cigarettes.,1
Hand,1
road.a,1
tar,1
[Large,1
patch],1
greenfield.,1
smother,1
TV/shopping,1
amazing,1
receive,1
Stickers,1
nightly,1
patrole.,1
department.,1
Dangerously,1
Electrcic,1
5:50am.,1
loft?,1
lane?,1
"weeks,",1
"sun,",1
Edgemere,1
willers,1
it!,1
grown.,1
Madison,1
hight,1
football,1
135O,1
COLUMBIA,1
CANT,1
MY,1
CAR,1
ILIVE,1
F5YEAR@,1
101004360682,1
tree.......,1
swing,1
Depression,1
rabbit],1
[06:34],1
Uhaul,1
grill,1
buckets,1
overturned,1
irrigation,1
dull.,1
6:00pm-8:00am.,1
344,1
witnessed,1
Fairlane,1
Vogel,1
ALWAYS,1
"daughters,",1
tickets!,1
Hasn’t,1
parkers.,1
Bond,1
Civil,1
civil,1
2nd.,1
KPW,1
7037,1
stopping-tow,1
Aquitaine,1
intersection!!!,1
Wind,1
blowing,1
dust,1
plows,1
winter?,1
10:45,1
Endicott,1
Margin,1
resdent,1
Close,1
Lucia,1
Ristorante,1
synchronized,1
vs,1
[An,1
Activity;,1
backyards,1
streets;,1
baited;],1
uptick,1
Brookvale,1
Street.],1
rear.,1
[this,1
wer,1
horns,1
woke,1
6:00,1
p.m.,1
Exactly,1
enforced,1
non-residents?,1
duplicates,1
addressed?,1
"stopping,",1
ANYTIME,1
HOURS],1
dock,1
using.,1
[Grey,1
Hatchback,1
Up],1
bolcing,1
Pls,1
Compass,1
CT,1
Visitor,1
3EY,1
273,1
8ZH,1
842,1
busses,1
[3RRD11],1
427:,1
hydrad,1
quinn,1
parking),1
four.,1
runh,1
untrimmed,1
(School,1
Bus),1
Arlington.,1
action/ticketing,1
"""case",1
"noted"".",1
parking/stopping,1
[Mansfield,1
[Subaru],1
[3MVZ69],1
Worker,1
MASS,1
PLATES,1
8ma961,1
nail,1
salon,1
"vehicles""",1
[1PND35],1
allowed?,1
parker,1
Lincoln,1
"you!
*A",1
"""all",1
"clear""",1
"1:30am.
**We",1
"recently,",1
ok,1
zone/No,1
"anytime,",1
101004369635,1
Honda.,1
Ohio,1
Couple,1
zones,1
we'd,1
use.,1
Ducali,1
pizza,1
buttonwood,1
threat!,1
motorcycle/scooter,1
[577vyd],1
[TOPSHELF],1
[ME],1
Radioed,1
PW,1
11:03PM.,1
[Cat],1
[23:00],1
"Zone

Tow",1
101004369749,1
"contaminated,",1
clearer,1
cold,1
colored,1
test,1
Cold,1
faucets,1
contaminated,1
color),1
"""area",1
"ticketed""",1
been.,1
spraypaint,1
brick.,1
Visible,1
Circle.,1
Loooooosh,1
wall.,1
Unattended,1
[Mercedes],1
[Convertible],1
(still),1
540,1
Cement,1
reflectors,1
Woodward,1
Crumbling,1
dislodged,1
"wall,",1
"edge,",1
injuring,1
passerby.,1
Noticed,1
extends,1
Romar,1
Terrace.,1
owns,1
MVA/CAR,1
NEED,1
CLEANED.,1
signage.,1
364,1
366,1
"Meridian,",1
362.,1
utilizing,1
partking,1
"rights,",1
powerwash,1
"Boston!
The",1
"relevant!

Thank",1
Heights,1
(East,1
Boston),1
rusted,1
stripped,1
shot,1
"sitting!

The",1
"

Relevant",1
pictures!,1
107,1
Munroe,1
"noisy...9:20pm
Thank",1
"
Truck",1
"week.
Truck",1
MOn,1
july,1
K,1
SOUTH,1
BOSTON,1
T0136,1
RPPS,1
TAG,1
Sticker....,1
2357/6,1
off...serious,1
injury,1
Cisco,1
"lamp,",1
below,1
[26x620],1
Clearwater,1
dr,1
Poison,1
Short,1
happends,1
".
Thank",1
pendent,1
ery,1
ZONE...please,1
Navy,1
draining.,1
throughout.,1
vz129A,1
illegals,1
Shamir,1
ave!,1
Load,1
son,1
side!,1
ticket!!!,1
stop;,1
CLEAR,1
AGAIN,1
patrols,1
behavior,1
happening...5,1
PM-9,1
snarky,1
comment.,1
Added,1
bonus:,1
suddenly,1
hurry,1
"(yup,",1
tonight),1
Everybody,1
wins!,1
non-commercial,1
Graduation,1
exploded,1
streamer,1
confetti,1
balloon,1
Arlington,1
eastbound,1
synced.,1
adjust.,1
Brick,1
crash,1
"bricks,",1
Seaport,1
Boulevard,1
excess,1
80db,1
Abandon,1
Pile,1
arrange,1
specialty,1
foods,1
[seagull],1
[19:18],1
"Hi,",1
law,1
Sea,1
seaport...,1
"time,",1
6pm,1
649,1
830/5,1
Sean,1
Sullivan.,1
ride,1
cutter.,1
Backyard,1
auckland,1
spotting,1
areas.,1
pressed,1
Mills,1
"today,6/19.",1
ladder,1
slides,1
(right,1
side).,1
neighbors',1
rear.],1
Swings,1
geasing.,1
[Powerwash],1
About,1
"pothole,",1
"vehicles,",1
swerve,1
Bent,1
signpost;,1
unclear,1
intense,1
gas.,1
source?,1
"
Reported:",1
"#101004369449
MASS",1
4DFH19,1
(6:17PM),1
701.,1
Clearly,1
nobody,1
uses,1
[Benches],1
Wheel,1
bluejay,1
forest,1
hills,1
arboretum,1
firestation,1
goose.,1
[Goose],1
[11:00],1
"James,",1
Fairmont,1
huntington,1
newton,1
displays,1
Pedestrians,1
stranded,1
dashes,1
"off,",1
quick.,1
"pedestrian,",1
coincide],1
blood,1
w/o,1
speeding,1
allowing,1
cross.,1
club.,1
her.],1
Portable,1
[Dartmouth],1
[Portable,1
(trailer),1
"""homeland",1
"security""",1
paul,1
horse],1
crashed,1
honda.,1
shield,1
URGENT:,1
(a,1
Samaritan,1
bounces,1
it),1
requested],1
[R9055926],1
Invasive,1
vines,1
Fairmount,1
Neponset,1
River.,1
treatment/removal.,1
https://seeclickfix.com/issues/12770196],1
Sr,1
mound,1
Works,1
414?,1
idiots,1
golf,1
Pupuolo,1
tearing,1
Pizza.,1
"needles,",1
current/active,1
"doorwell,",1
403,1
leasg,1
tha,1
attacked,1
barrel.....,1
enjoying,1
joy,1
ppl,1
quadrant!,1
Oneof,1
many.,1
greenway,1
filthy,1
duvet,1
booze,1
bum,1
flew,1
"Trash,",1
entryway,1
Mary,1
Ellen,1
Walsh's,1
greenway.,1
"open,",1
"half,",1
worth,1
cleanings,1
here!!!,1
ticket!!,1
night!!!,1
die.,1
Increase,1
features,1
healy,1
"Hello,

Yesterday",1
(6/28/22),1
"Pond,",1
"spotted:
2",1
(one,1
shell.),1
"
1.",1
pond,1
St/Cabot,1
estate,1
"pond.

The",1
together.,1
"
I",1
water/surroundings,1
"

Thank",1
BAMS,1
Fest,1
killing,1
giraffe,1
fly,1
Easton,1
locations,1
water!!,1
Coach,1
microwave.,1
day?,1
[02/01/2022],1
BIGGIE,1
"wed,",1
Pickup-,1
Burnsides,1
Juen,1
quint,1
"[side,",1
[Alley,1
mobile,1
America's,1
basket],1
38,1
disabilities,1
intervene.,1
cab,1
once.,1
stucco,1
walls,1
secure.,1
flip,1
metal.,1
maybe.,1
[Landscaping],1
Inspector,1
notes:,1
[Along,1
rubber,1
lopresti,1
notified,1
insisting,1
listen,1
anyway,1
please???!,1
ago!!!,1
BS.,1
"""Didn't",1
"observe""?",1
Seriously?,1
beers,1
7:00-9:00.,1
Wire,1
beacon,1
Trip,1
overgrown],1
Thanks!!,1
signs],1
Trash.cited,1
"building

[submitted",1
https://seeclickfix.com/issues/12395118],1
Triple,1
concern.,1
protocols.,1
decks,1
compromised,1
Winthrop,1
willowood,1
Solar,1
on/fully,1
[lot,1
overgrow,1
"tree,grass.]",1
[left,1
#9,1
house],1
[uncovered,1
shed,1
th,1
propane,1
tank,1
[V86907],1
Clarendon,1
423,1
terrible,1
disrepair,1
mid-crosswalk,1
crossing.,1
9x,1
waiting.,1
families,1
"boxes,",1
"rats,",1
Nazarro,1
Hynes,1
add,1
Interfering,1
Streetsweeper,1
unpruned,1
"large,",1
escape,1
July?,1
holidays?,1
[ISD,1
Inspector's,1
house.],1
fight,1
branch's,1
Dewey,1
Dacia,1
hole.,1
[R9#0040284],1
thirsty,1
importantly),1
allow,1
assumed,1
Pike,1
57/59,1
infields,1
"chalk,",1
"rolled,",1
pushed,1
fixed.],1
baby,1
gross.,1
dry,1
"cleaners,",1
"littering""",1
Discovered,1
Coops,1
indicates,1
intention,1
Allowing,1
historically,1
tarnishes,1
"space.
",1
incumbent,1
upon,1
government,1
conduct,1
routine,1
discourage,1
sleepers,1
depositing,1
bedroom,1
beauty,1
importance.,1
ford,1
Copps,1
camp,1
(man,1
woman).,1
"trashcan
Removing",1
(whether,1
not),1
decision,1
"
What",1
teenaged,1
can?,1
2hour,1
Buckets,1
"them,",1
"Entrance,",1
AF,1
Slide,1
steering,1
Cook,1
screws,1
Rose,1
Kennedy,1
Fountain,1
urine,1
Come,1
Boston.....please,1
housing.,1
historic,1
APPROPRIATE,1
RECEPTACLE/there,1
entry,1
deposit)neighbors,1
trash-,1
replaced!!!,1
volume,1
tourist,1
"ect
THERE",1
PROPER,1
RECEPTICLE!!!!,1
"slide,",1
"step,",1
chairs,1
"stop,",1
cans.,1
somehow,1
"away,",1
insist,1
ate,1
adjust,1
lack,1
park.the,1
Thnks!,1
children’s,1
Door,1
latch,1
Nazzaro,1
Center.,1
ledge,1
bins?!,1
replaced?,1
thursday's,1
cite.,1
notoriously,1
Housing.,1
Smells,1
Bunker,1
"
P.S.",1
great!,1
(People,1
too),1
liner,1
.Around,1
playground.close,1
courts.Lots,1
RECEPTACLES,1
PUBLIC,1
PARK-UNACCEPTABLE-,1
YOU,1
TAKING,1
CARE,1
COMMUNITY,1
seagull,1
circle,1
McKinney,1
Ponte,1
brilliant,1
Shoujyo,1
"condoms,",1
later...,1
replanting,1
752,1
756,1
"bags.
Please",1
"back!!
This",1
embarrassing!,1
parkingsand,1
ASAP!!1,1
HOUR,1
SIGNS],1
parts.,1
kind.,1
locals,1
preferably,1
Located,1
3-4,1
untouched.,1
MGH,1
Bridge.,1
"signals,",1
"construction,",1
sometimes,1
"
This",1
"cross,",1
lighting.,1
bowker,1
overpass,1
downtown,1
short.,1
extend,1
[A96-KXG],1
[NJ],1
unsecured,1
disgusting.,1
Station.,1
Everyday!!!!,1
cheap!,1
NH.,1
verge,1
"collapse,",1
racoons,1
neighborhood],1
Police,1
Eustis,1
Kitteredge,1
simultaneously.,1
choice,1
myself,1
hybrid.,1
Troy,1
[5NMA50],1
carcas,1
diamond,1
Abonded,1
condoms,1
"wrappers,",1
"batteries,",1
Somerville,1
repave.,1
thoroughfare,1
giant,1
[CHEVROLET],1
[YELLOW],1
[KLX0951],1
[PA],1
FOLLOW-UP,1
101004355649,1
…This,1
‘perched’,1
remember.,1
It’s,1
times!,1
God,1
Forsaken,1
Street!,1
windshield.,1
unkept,1
excessive,1
shirtless,1
Greenway.,1
Believe,1
allowed.,1
spaces!,1
White/silver,1
"RAV4,",1
visiting,1
nurses,1
veterans.,1
visitors,1
odor],1
"vehicle,",1
[MITSUBISHI],1
[12L390],1
constant!,1
leaves.,1
Brooks,1
HKJ,1
9598,1
evening,1
6/15.,1
Thursday.,1
bathroom,1
vanity,1
Anonymous,1
flatscreen,1
70's,1
Reports,1
"Enforcement,",1
t.V,1
Jennifer,1
Capezzuto,1
225,1
02128.,1
annual,1
housing,1
insurance,1
"renewal,",1
Mount,1
Morenci,1
roofing.,1
"grow,",1
squirrels,1
eaves,1
roof?,1
absolutely,1
removed;,1
bit.,1
technically,1
[13:01],1
renovation,1
interaction,1
triple,1
Abutters,1
unkown,1
301,1
"visible,",1
things,1
street/,1
scurrying,1
critters.,1
occupied,1
fl.,1
Trashed,1
28,1
Photo,1
speaks,1
"itself
This",1
Turn,1
Red],1
[Stop,1
messed,1
part.,1
5-10,1
seconds,1
stump-ground.,1
initiate,1
"""new",1
"tree""",1
[2ZZG78],1
Creston,1
cleaning.,1
enterance,1
pruned,1
.Walkers,1
heads.,1
kit,1
heater/debris,1
Veteran,1
Shelter,1
Continues,1
Thomas,1
vines/plants,1
rd.,1
jungle,1
[Fencing],1
Affiliation,1
type:,1
[Constituent],1
Sweeper,1
lost.,1
scene,1
thefts,1
Bennett,1
242,1
cambridge,1
Lazy,1
healthy,1
intersections,1
Allstate,1
Rd/Willow,1
Enterprise,1
St/Willow,1
WAY,1
other.,1
travelling,1
typical,1
sight.,1
drown,1
ENTER,1
forces,1
"TV,",1
Magazine,1
BELONG,1
ADDRESS!!!,1
[25],1
dens,1
Sees,1
Breck,1
worse.,1
benches.,1
McDonalds.,1
[13:04],1
Debris.,1
opposum,1
[10:30],1
considering,1
Holiday.,1
lifeguards,1
overtime.,1
It's.,1
Shame,1
wouldn't,1
go.,1
Alarm.,1
Replaced,1
Thurston,1
destroyed,1
belly.,1
[9605006],1
ticketing.,1
[Covered,1
tarp],1
[Our,1
"today,",1
appropriate,1
"taken,",1
warrant,1
similar.,1
two.,1
guarantee,1
sudden,1
now.],1
Egress,1
#13,1
Monument,1
unmaintained.,1
4-5yrs,1
birds.],1
Concurrent,1
press,1
automatic.,1
Hansborough,1
invading,1
properties.,1
yars.,1
area?],1
dupster,1
Seal,1
tel,1
"photo,",1
keepsgeing,1
reallocated,1
311...please,1
expedite,1
"asset,",1
BWH,1
(Brigham,1
&Women's,1
Hospital),1
[Solar,1
Powered,1
(Big,1
Belly)],1
[ws3025],1
adjunct,1
alley.,1
flawless,1
match,1
SINK,1
HOLE,1
23,1
cables.,1
vegetation,1
holding,1
FRIDGE,1
BUILDING,1
ALLEY,1
dragged,1
created,1
Sink/tire,1
pinckney,1
[Directly,1
62,1
64],1
amend,1
96,1
Train,1
dispensers,1
neighbors!,1
"

I",1
(Wooden,1
Pole).,1
adjustment,1
timing.,1
MLK,1
BLVD,1
Spaulding,1
"Dorchester,",1
[0046357],1
station],1
installation,1
7/4/22.,1
arietta.,1
Ensure,1
usable,1
witht,1
[dried,1
latex,1
cans],1
WATER,1
POOLING,1
LOCATION,1
SOME,1
TIME,1
CAUSING,1
HEALTH,1
MOSQUITOES.,1
REPORTED,1
NOTHING,1
BEING,1
DONE,1
ABOUT,1
IT.,1
Eversource,1
trouble,1
"shooters,",1
identify,1
controller.,1
Disgusting,1
funded,1
resources,1
taxes,1
ad,1
friendly,1
constituents???,1
Jarrvis,1
Place,1
Jarvis,1
Place.,1
44,1
St.(Bully,1
Boy,1
Distillery),1
kids..,1
gook,1
Guys,1
ITS,1
poison,1
gates,1
burrows,1
folks.,1
miniature,1
163,1
Kenrick,1
"Brighton,",1
Ma.,1
overloaded,1
46,1
Lambert,1
guild,1
9TN,1
sped,1
ordinance.,1
Foods.,1
updated,1
markings.,1
Jammed,1
shut..hasn't,1
months..can,1
replaced..,1
Constiutent,1
repaint,1
area!!!,1
jose,1
p.,1
edgerly,1
[06/01/2020],1
requsting,1
location.Lots,1
Pennsylvania,1
[11:17],1
Constitunet,1
[Little,1
basketball],1
D14,1
wrote,1
meters,1
(there,1
"wasn't),",1
pleased,1
"Unfortunately,",1
couldn't,1
app.,1
app?,1
extending,1
new/replacement,1
lanterns,1
elements,1
dome,1
for).,1
tourists,1
generate,1
revenue,1
"stoves,",1
"dishwasher,",1
SPOT;,1
move;,1
sugested,1
911,1
TREE,1
PRUNED;,1
HANGING,1
LOW,1
TOWARDS,1
SIDEWALK;,1
TOUCHING,1
HOUSE,1
NANCIA;,1
Maryland,1
chris,1
Volkswagen,1
/8,1
Nh,1
Bad,1
east.,1
problem.],1
[bags,1
[sidewalk],1
3pm,1
occu,1
1073937,1
Delimiters,1
cleaners,1
replace.,1
[REPLACE,1
CART],1
[R9#058683],1
1639,1
1575,1
"Tremont,",1
navy,1
malfunctioning,1
system.,1
Assuming,1
somewhere.,1
fall.,1
portions,1
Walker,1
Scobie,1
clear.,1
pink,1
trattoria?,1
ok?,1
passage.],1
7WM-284,1
Re-call,1
101004321138.,1
lit,1
nights.,1
corroded,1
LAND,1
EMERGENCY,1
VEHICLES,1
TURNING,1
CORNER;,1
TRUCK],1
238,1
in...the,1
...ever,1
...they,1
...now,1
...that's,1
fair,1
sumone,1
accountable,1
nugs,1
boards,1
bed.,1
manager,1
bugs.,1
[Malone,1
Property-,1
617-921-8015],1
[Bugs],1
Guild,1
uncovered,1
Botolh],1
\,1
(wrong,1
"day),",1
Seemed,1
Shouldn't,1
informed?,1
Up,1
340,1
488,1
836,1
"Huntington.

All",1
can!!!!,1
"sign,",1
[Savin,1
[Chrysler],1
[2AAR86],1
Test,1
Fens,1
Vietnam,1
War,1
Memorial.,1
noyes,1
99-102,1
Deering,1
[Street/sidewalk,1
whack,1
hanson,1
walks,1
violations.,1
ISD.,1
Dumpsters,1
tops.,1
CANNOT,1
CLOSE!,1
sat,1
idle,1
chestnut,1
necessary?!?!,1
smells.,1
day????,1
Styrofoam,1
Lifted,1
Robinson,1
Sick,1
Ranger,1
rangers,1
[My,1
items.,1
stuff.,1
None,1
touched.,1
collectors,1
"carts,",1
frustrating.],1
1.,1
Rear,1
Retaining,1
"
2.",1
"
3.",1
"secured,",1
thieves,1
"property
4.",1
cops,1
Perrin,1
planning,1
do?,1
AN,1
INCREASE,1
RODENT,1
ACTIVITY,1
AREA.,1
RODENTS,1
RESIDENTS,1
COMING,1
SEWERS;,1
SIAD,1
UP,1
STREET;,1
CAN,1
SEWERS,1
BAITED,1
ALSO.],1
stairwell/ramp,1
JFK,1
Umass,1
[9006668],1
damaged/dangling.,1
lip,1
Wednesdays,1
Aberdeen,1
miner,1
frustrating,1
6/27.,1
127,1
filliments,1
Phone,1
285,1
ayrd,1
machine.,1
Top,1
bracket,1
Install,1
southwest.,1
Weld.,1
"once,",1
Dangerous!,1
planting:,1
Peter,1
Greene,1
78-80,1
Intervale,1
02121,1
Columbia,1
[BZ187A4],1
[IL],1
(redacted),1
inground,1
chlorine,1
pee,1
"old,",1
stinks,1
situation,1
totally,1
unsanitary.,1
imagine,1
"from
Top",1
layers,1
remnants,1
urine.,1
Bradlee,1
Ln.,1
"poop,",1
example,1
4.,1
assorted,1
paraphenalia,1
Brewing,1
"
Last",1
3:30,1
"unbearable,",1
"diminished,",1
Machine/equipment,1
"!
I",1
mechanicals,1
gutters,1
Vineland,1
hugs,1
"apartment,",1
[rats],1
Roach,1
Independence,1
Thornton,1
parkway.,1
[weeds,1
trash],1
[in,1
Strange,1
Remnants,1
Scarborough,1
mallon,1
o,1
fthe,1
Way/Do,1
Enter/Stop,1
Gardner,1
(side,1
Home,1
Depot)],1
Marie,1
unlack,1
tjhe,1
slast,1
.Please,1
relock,1
Hwy,1
Mobile,1
Hi!,1
overgrowth,1
Between,1
88,1
90/92,1
"expired,",1
"dashboard,",1
hood,1
Sprayer,1
on-button,1
(year,1
"3,",1
least).,1
Low,1
pressure,1
sprayers.,1
soft,1
cement.,1
Bet,1
foam,1
JP...,1
Filth,1
places.,1
creates,1
environmental,1
hazards,1
"ticks,",1
"mosquitoes,",1
wading,1
grass.,1
Draining,1
Cleaning,1
[Thursday(Tuesday)],1
barrells,1
Especially,1
fourth.,1
wheels.,1
[20016433],1
hemenway,1
Westland,1
(Sidewalk),1
central,1
harborwalk,1
carpet,1
interior,1
absolute,1
address.And,1
Avon,1
Parkside,1
[Med],1
[05/12/2022],1
[09:00],1
attracts,1
disturbs,1
properties.],1
Landmark.,1
Complaints,1
Landmarks,1
Commission,1
margin,1
locks,1
doors.,1
junk.,1
100's,1
Lottery,1
washing/blowing,1
Though,1
pinpoint,1
"origin,",1
Belgrade/Walworth,1
Hastie,1
requires,1
frequently.,1
pollution.,1
Suspicious,1
padlocks,1
[over,1
condition],1
back],1
32,1
"present,",1
screw,1
gone.,1
"down,",1
[Do,1
Enter/No,1
Turn],1
[36],1
[There,1
[Neighbor,1
"cleaned,",1
odor.,1
askew,1
Upper,1
there],1
Church,1
lot/,1
maple,1
"up,please?",1
thanks!,1
[15:12],1
necks,1
48,1
Oak,1
",,,",1
uprooted,1
relieve,1
"themselves,",1
Trees,1
bully,1
boy,1
distillery,1
visibility.,1
monrhs...,1
bodyshop,1
American,1
apprar,1
auction,1
classic,1
plates...,1
(vehicle,1
days),1
[81116],1
2sey,1
72,1
hrs,1
abandon,1
authority,1
"uplifted,",1
claims,1
basement.,1
seat,1
labels,1
6months,1
flate,1
tire.,1
[AZ63777],1
[GREEN],1
[HWF156],1
Feeney,1
brothers,1
Nothing,1
happening!,1
inaccessible,1
again...please,1
violates,1
regulations-,1
width,1
okay.,1
landscape,1
cityvstreet,1
Correct,1
JP.,1
(recurring,1
problem),1
Debri,1
eitehr,1
difficlut,1
based,1
postings.,1
[Roaming,1
Tricycle,1
Reason,1
closed..feel,1
free,1
broom,1
it..,1
Tv,1
(pedestrian),1
missing.Could,1
[Orange,1
Pesestrian,1
ground.],1
trash.Need,1
Amongst,1
needles.,1
"park.
It",1
Vinnidio,1
salon.,1
PICK,1
UP!,1
Carriage,1
"enforcement,",1
dpw,1
occupy,1
"street

82",1
containing,1
Poop,1
regarding,1
besides,1
line.,1
Urban,1
Registry,1
Trotter,1
can't.,1
street...,1
sweepers,1
passed.,1
kids?,1
self,1
on!,1
tape.,1
call?,1
also.,1
Edgerly,1
picnic,1
compost.,1
empty.,1
thanks.,1
blown,1
"out
Leaking",1
(from,1
Sullivan/Main),1
blind,1
highlighting,1
speeds,1
"Furthermore,",1
Chappie,1
hammocks,1
botanical,1
quickly!,1
90,1
tomorrow.,1
cool.,1
banging/hammering,1
parcel,1
Massachusetts,1
7:00,1
potholes/bumpy,1
rides.,1
Take,1
tour,1
see!,1
133,1
visits.,1
waist,1
Metal,1
Sparhawk,1
times.,1
murdoch,1
Sparhawk.,1
raw,1
pothole/sinkhole,1
poorly,1
trench,1
well],1
bubbler,1
LoPresti,1
(On,1
Side),1
equipment.,1
gutting,1
walls/pipes/materials,1
photographic,1
evidence.,1
sweeps,1
removal.(In,1
Deckard,1
Potential,1
clearance,1
shattered,1
[St,1
James],1
[3KEA74],1
hrs.,1
masonry,1
Business,1
CHAMBERLAIN,1
Algonquin,1
berry,1
XL,1
compactor,1
food/convenience,1
stores,1
"lawn,",1
blows,1
145,1
Stoughton,1
Whitby,1
terrace,1
Delicia's,1
tufts,1
convenience,1
sources,1
tub,1
"
Code",1
citation,1
unclaimed,1
"(9VX793,",1
"2LCJ65,",1
7DJ658),1
landscaping.,1
sighting,1
recylcing,1
capped,1
Hero,1
J.,1
"Lotti
Please",1
valid,1
"

29",1
1290,1
tremont,1
floating,1
Pond,1
Brighton.,1
3rds,1
Road.,1
logs?,1
Holton,1
bus/bike,1
William,1
bait.,1
judgement,1
year.Constituent,1
"ticketed,but",1
[VOLVO],1
[105883c],1
[MO],1
abanded,1
mirrow,1
[2ykh18],1
"bench.

Please",1
[Overgrown,1
Which,1
about:,1
[Hawes/Union,1
Cemetery:,1
Boston)],1
grave,1
"overgown,",1
requetsing,1
mowed.],1
symbols,1
gang,1
related.,1
#8VV343,1
STOPPING,1
removal.(Plant,1
#23,1
Cheverus,1
Rd.),1
"damaged,",1
stored,1
Bros,1
#1MEV96,1
Filled,1
Trash...again,1
ENGINEER,1
TRISTAN,1
HARVEY,1
S.L.C.B.#,1
0143,1
TREMONT,1
MISSION,1
HILL,1
PLAYGROUND,1
TUESDAY,1
6/28/22,1
INSPECTION,1
LIGHTING,1
SYSTEM,1
INSTALLED,1
BY,1
CONTRACTOR,1
Fisher,1
Boston/BCYF,1
consider,1
MIRABELLA,1
POOL,1
cleaning!!!!,1
sick,1
assholes!!,1
rea,1
Clarendon.,1
"Uncapped,",1
substance,1
"6/23/22,",1
conditions.,1
"Dumpster,",1
potti,1
wood.,1
334,1
driveway],1
"morning

The",1
refuse,1
neglected.,1
regularly?,1
stinky,1
"mess.

Thank",1
independence,1
strip,1
6/29/22,1
[Flooding],1
[Dumpster,1
lot],1
Senator,1
Bolling,1
02124.,1
twisting,1
trees.,1
Pike.,1
Removal,1
24'pole,1
feeds,1
diabolical.,1
Blocked,1
"tickets.
Please",1
Cannot,1
"wheelchair,",1
accessible.,1
BARRELS,1
Cardboard,1
seaport,1
blvd,1
blinking.,1
fridge,1
recyclables,1
clover-,1
neeeds,1
Gassy,1
Hull,1
Dublin,1
peope,1
blck,1
damaged—missing,1
attempts,1
inadequate,1
"

Failure",1
wheeled,1
device,1
build,1
encourages,1
cutillo,1
Cutillo,1
Walgreens,1
assap,1
"Huntington.

I",1
862,1
840,1
"day!!!!!!!


I",1
"box.

I",1
liimb,1
accces.,1
SUMMER,1
CASS,1
STREET:,1
Insane,1
846,1
"02115.

Wake",1
"Wu,",1
"Council,",1
citizens.,1
"properly.

I",1
0,1
"broken,Trash",1
blacktop,1
brick?,1
Net,1
Broken.,1
willing,1
Neighborhood,1
net.,1
million,1
Address,1
Armandine,1
"'Yes',",1
[Carpet],1
[Carpet,1
sections,1
duct,1
barrels],1
Fast,1
[GMC],1
[KCK737],1
limousine,1
[4NDP,1
89],1
27th.,1
much!,1
[VOLKSWAGEN],1
[6WD133],1
here;,1
batteried,1
dead;,1
curb;,1
[SAAB],1
[2XLT95],1
month.The,1
[975XJW],1
Excessive,1
"AM

Suffolk",1
scraping,1
sheet,1
50dB,1
earplugs/fan/pillow,1
Boxes,1
~640,1
surrouding,1
hers.,1
Gross,1
"濫,",1
stagnant,1
bullding,1
(39,1
ave).,1
geting,1
recyclable's,1
it--which,1
came.,1
officials.,1
BagBarrelBundles],1
Brush,1
"""One",1
"Way""",1
Way],1
852,1
"door,",1
open.,1
fully,1
Media,1
diaper,1
daycare.,1
112,1
chittick,1
grills,1
Placed,1
affective.,1
slide.,1
floods,1
investigate.,1
Ground,1
Employees,1
pipe.,1
hurt.,1
(for,1
birds).,1
causes,1
enforced).,1
relax,1
bench?,1
appearance,1
"littering,",1
bed!,1
Vomit,1
pickup?,1
Desperate,1
McConnell,1
basis?,1
(unusable),1
896,1
legal?,1
suspect,1
[Recycle,1
it],1
Decal.,1
Malcolm,1
"No,",1
[Trees,1
[Malcolm,1
Park],1
BagBundles],1
second.,1
"
One",1
barely,1
Due,1
patches,1
assigned,1
paving,1
completed.,1
"morning,",1
67,1
Griggs,1
Brainard,1
tonight.,1
ward,1
"parking""",1
present.,1
sizes,1
emerged,1
rested,1
climb,1
Frequently,1
counted,1
sighting.,1
[It,1
missed.],1
[window,1
shade],1
[entire,1
block],1
rat.,1
"
Our",1
426.,1
Significant,1
presence,1
repair!,1
[Todisco],1
[Bus],1
[Eastern,1
bus],1
[Yellow],1
KFT,1
4946,1
[Ross,1
pl],1
(seen,1
They've,1
minutos,1
Parkin,1
constrction,1
backhoe,1
[trailer,1
backhoe],1
[Vining,1
REGISTRATION,1
598,1
GC2,1
ladders,1
mins+,1
50-7767,1
Charter,1
JFB,1
6793,1
Seapoint,1
request!!,1
resident-only,1
ADDRESS.,1
TONS,1
enforce!!,1
Heavily,1
wooded,1
roofs.,1
addition,1
waking,1
scaring,1
pets.,1
98,1
Gladstone,1
Diesel,1
running.,1
crew.,1
Engine,1
abutters,1
Difficult,1
Rav,1
chevy,1
SUV],1
(12:30,1
am),1
Birmingham,1
parkway,1
Frankfort,1
Porter,1
6/28/22.,1
379,1
travel,1
perpendicular,1
[Alston,1
[C],1
Gilday,1
"Harrison,",1
pallets,1
Maroon,1
Sutton,1
"illegally,",1
"usual,",1
"lane,",1
https://seeclickfix.com/issues/12762636],1
Moving,1
[parked,1
airport],1
Handicapped,1
tom,1
english's.,1
3hrs,1
preschool,1
Constitutent,1
"[Blue,",1
Quality,1
Shipping,1
Transport,1
617-999-3631],1
[V54448],1
caused,1
Camry,1
"

License",1
BC-5004.,1
"
Multiple",1
revving,1
(truly,1
screeching,1
noise),1
Drapers,1
Lane.,1
occurs,1
Vejantes,1
machinery.,1
Wrong,1
Lease,1
VW,1
2DBA59.,1
50+,1
894,1
building!,1
cherry,1
blossoms,1
Please!,1
@BostonCityCouncil,1
blighted,1
restored,1
visual,1
standards.,1
blight,1
"Hill,"".",1
@CotyCouncil,1
standards,1
Stadium,1
Airport,1
Embassy,1
Suites,1
Hotel.,1
pics.,1
puke,1
4:00PM,1
(6/28/2022),1
Pius,1
18,1
helmets,1
Cushing,1
"Again,",1
"helmets,",1
"kids,",1
badly.,1
condor,1
(around,1
9pm),1
PERMIT,1
authorization,1
unfair,1
elsewhere,1
Dispatch,1
becoming,1
cutilo,1
buckling,1
(In,1
Seeing,1
regularly.,1
Main.,1
saying.,1
pm.,1
Graffitti,1
"""Family",1
"Gang""",1
@DD,1
obscene,1
dissenvestment,1
Communitty.,1
flames,1
safety.,1
Conneticut,1
Fifth,1
L,1
decal.,1
81,1
Wood,1
Drained,1
kitty,1
Pk,1
Carleton,1
701,1
box.,1
up.],1
[20:30],1
overflowed,1
[19:25],1
day!!,1
WU..,1
Deblois,1
nesr,1
game,1
7pm,1
lined?,1
!!!!,1
agian,1
crushed,1
Maida,1
Tr,1
rim,1
damage.,1
(or,1
to),1
bolt.,1
(Three,1
bolts,1
broken/rusted,1
off),1
"rain,",1
urinated,1
644,1
spark,1
seemed,1
current,1
feet.,1
Putnam,1
[R9#029159],1
Decease,1
cod,1
bpl,1
Pot,1
cap.,1
Edge,1
Spanish,1
played.It's,1
annoying.Please,1
divets,1
otis,1
Additional,1
Info:,1
[from,1
fleet,1
Recent,1
catchbasin.,1
registration.,1
facility.,1
2022.,1
"cleaning,",1
10ft,1
plate/registration.,1
guard,1
"color,",1
time!,1
Rise,1
number.,1
mbta,1
620,1
linden,1
bicycle?,1
"Really,",1
problem?,1
Unit,1
(top,1
unit),1
"""save",1
"spot""",1
"July,",1
overfilled.,1
Alleyway,1
[17:21],1
burst,1
Cafe,1
Landwer.,1
Electrical,1
hang,1
"Friday,",1
[0515630618],1
Two.,1
Ts,1
tag.,1
CVS,1
store.,1
leif,1
Erickson,1
statue,1
[17:58],1
adults,1
Saftey,1
this???,1
[Catchbasin],1
mechanical,1
portland,1
noise.,1
typically,1
quiet,1
visit,1
watch,1
trains,1
neglected:,1
"camp,",1
distributing,1
Help,1
please!,1
[513#9001396],1
cummins,1
highway,1
accross,1
cemetery.,1
[14:47],1
Syringe,1
Walnut,1
mailboxes,1
BHA's,1
Mildred,1
Hailey,1
Apartments,1
Local,1
rectify,1
"situation,",1
Rent,1
monthly,1
"bills,",1
"checks,",1
"statements,",1
priority,1
rectified,1
immediately.,1
"notice,",1
detail.,1
needing,1
detail?,1
friday.,1
"Restaurant,",1
pink?,1
there?,1
esplanade,1
DOA,1
squirrel.,1
week?,1
syncing,1
approach,1
BOston,1
sewer.,1
Devon,1
pillars,1
(#3KKF34),1
[14:05],1
"playground,",1
splashpads,1
runninh,1
nonstop.,1
[Ornamental,1
Fountains],1
Stoneholm,1
"multiple,",1
proped,1
WHOLE,1
cracking.,1
[Patching],1
(broken),1
Informed,1
him,1
C,1
ordinance,1
Failed,1
(2nd,1
call),1
though.,1
vacated,1
moment.,1
"Stopping""",1
restriction,1
misplaced.,1
include,1
meters.,1
Bowdoin.,1
closer,1
[Requesting,1
breaking],1
[R9#0039971],1
glare,1
Dougherty,1
stairs.,1
stair,1
Leaves,1
brown.,1
Park/Fort,1
NE,1
(next,1
intersection),1
[15:20],1
54-58,1
leaning.,1
engineer?,1
failure,1
surcharge,1
Pinckney,1
Auto,1
"on,",1
net,1
Elmore,1
(possibly,1
street),1
plants,1
function.,1
2806,1
fields.,1
5:00,1
4:00,1
3:00,1
Corner,1
Myrtle.,1
cash,1
impassable,1
"strollers,",1
"wheelchairs,",1
couch.,1
Atherton,1
Amory.,1
barrles,1
Mondays.,1
[14:26],1
Faces,1
Hope,1
Advocacy,1
collaboration,1
Conservation,1
Recreation,1
's,1
(DCR),1
Nights,1
Program,1
August,1
"12,",1
grounds/fields,1
program.,1
surface,1
(first,1
entry),1
service.,1
[GROUND,1
MAINTENANCE],1
street!!,1
ASAP!,1
CREW,1
N-GRID,1
DAMAGED,1
#167,1
MAVERICK,1
CONTACT,1
SITE,1
KEVIN,1
DORHTY,1
#781-808-7232,1
"city,",1
439,1
watered,1
replant,1
out?,1
Union,1
roxbury.The,1
cleaned.Trash,1
directions,1
[states,1
Creating,1
rodents],1
ae,1
everything,1
one!,1
loses,1
slightest,1
wind.,1
arborist,1
"pruning/removal,",1
watering.,1
BPL,1
"tagged,",1
Prior,1
latest,1
incident,1
light/post,1
NEVER,1
[4,1
Bos,1
Hiscock,1
Trying,1
[McKinney,1
Playground],1
Frieda,1
Garcia,1
Sq.,1
reports.,1
commemorating,1
Juneteenth,1
(Sunday),1
1pm.,1
"possible,",1
event.,1
"sculpture.

Thank",1
Easter,1
Appreciate,1
Overlflowing,1
abundant,1
park's,1
bringing,1
emptying,1
"destroyed,",1
puddle,1
obviously,1
"101004248052
Please",1
"please.
Thank",1
"
Ganga",1
singh,1
Lawn,1
households,1
Sunnyside,1
rain-soaked,1
storm.,1
Of,1
plant,1
used.,1
THERE,1
6IN,1
SINKHOLE,1
(ASPHALT),1
ASAP!!!!,1
[Asphalt],1
crumbling,1
falling.,1
am.,1
Trash/tire,1
117,1
marine,1
squished,1
pancake,1
Knocked,1
Down!!!,1
Help!!!,1
Ac,1
[Basement,1
Corey,1
squalor,1
[baby,1
carriage,1
markers.,1
piece.,1
Hemenway,1
Sanderson,1
Softball,1
SeaDar,1
builing,1
Snow,1
Sign],1
MT,1
SO,1
overgrown!!,1
Sbux,1
[Keep,1
meridian],1
grassy,1
area/Byrne,1
King,1
[32YA29],1
Green.,1
ringer,1
cans/boxes,1
Allen,1
"Park,the",1
Coppens,1
Rogers,1
Park...large,1
partying,1
loud...in,1
Tot,1
EF,1
No.416],1
markings,1
suitcases,1
JOB,1
"Today,",1
"However,",1
"trucks,",1
"foundation,their",1
"gravel,",1
6:00a,1
fumes,1
"ghetto,",1
"fones,",1
acceptable,1
city?,1
Theres,1
MORE,1
CONSIDERATION,1
OTHERS,1
OR,1
THEIR,1
59,1
chellman,1
stings,1
Inject,1
ash,1
EAB.,1
honey,1
locust,1
Westbourne,1
",near",1
fix!,1
Cracked,1
"walk,",1
[per,1
ok],1
"night,constitunet",1
wasted.,1
sprinllers,1
Childrens,1
vmail,1
2:05,1
leather,1
District,1
Parkers.,1
solution?,1
sensors,1
掠掠and,1
down!!,1
propertys,1
"[siding,",1
Massport,1
louder,1
"
it",1
818,1
Growing,1
pollen,1
bugs/ticks,1
Unpermitted,1
street-loud,1
conditions-working,1
inspectors,1
plus,1
attn,1
Charbonnier,1
Weeds,1
seeding,1
"daily,",1
multi-million,1
dollar,1
prominent,1
232,1
Colony,1
begins,1
machinery,1
6-6:30am,1
weekdays,1
special,1
6am,1
ordinances?,1
Louise,1
offensive,1
530,1
2pm,1
eversource,1
games.,1
deal,1
with.,1
certain,1
ridiculous,1
walkers.,1
"something,",1
thrash,1
desperate,1
repaint.,1
SLCB,1
[River,1
[Car,1
[4Z0498],1
bikes.,1
Wellington,1
littering,1
[06/25/2022],1
[13:20],1
Lt,1
Mini,1
"Cooper
No",1
#536,1
north.],1
"6/27,",1
Westchester,1
Plain,1
series,1
seven,1
Blossom,1
12:05,1
relayed,1
ont,1
"specfic,",1
ends.,1
Mecedez,1
crazy,1
"

Plate:",1
2mMJT66,1
505,1
columbia,1
Furniture,1
sofa,1
club,1
lovely,1
public.,1
squatters,1
"residence.
Thanks",1
Mattresses/bed,1
dumps,1
icy,1
slipping,1
(near,1
commuter,1
rail,1
"Walworth,",1
Tyndale,1
side),1
passage/access.,1
vegetation.,1
"Police,",1
fine.,1
Tire,1
Contacted,1
11:42am.,1
Helena's,1
Market,1
Sts,1
Center,1
platform.,1
High,1
"area.
Corner",1
c,1
Base,1
Ramsey,1
"
",1
Traffics,1
"roads,",1
Ave:,1
divider.,1
compete,1
passable,1
Common.,1
9pm,1
Bradford,1
treat,1
nation's,1
oldest,1
way?,1
[second,1
"Infinity,",1
"4dr,",1
323XD5],1
[Volvo],1
[351CS6],1
636,1
"""The",1
"Belvoir""",1
tot-lot,1
"23,",1
"2022,",1
"Ollen-Smith,",1
77,1
Hilburn,1
"MA,",1
dump.,1
eliminate,1
hazard?,1
help.,1
Hawley,1
"graffiti,",1
belongings,1
Smoking,1
smokers,1
smoke,1
thick,1
books!!,1
(June,1
27),1
387,1
"Beacon,",1
Pulic,1
416.,1
Their,1
mgmt,1
anythig],1
devon,1
meeter,1
maid,1
"vehicle

Thank",1
impeding,1
yards,1
203,1
advertising,1
617-852-0897,1
posting:,1
[Posters],1
[Cart,1
[057608],1
Busted,1
[Rats,1
yesterday-,1
allowed.There,1
[Arborway],1
bob,1
cat],1
daughter,1
Castle,1
lip.,1
play?,1
Fairfield,1
feels,1
inspection?,1
fruit,1
bearing,1
"anytime""",1
209,1
mistakenly,1
Libbey,1
(4367822).,1
grass.The,1
junk,1
"crosswalk,",1
Handicap,1
Ramp.,1
times?,1
salem,1
everywhere],1
address],1
marking.The,1
makings.,1
435,1
alternative,1
Uneven,1
"
Hazard",1
"
Fall",1
itch,1
shoulder,1
scratch,1
hand.,1
adult,1
urban,1
realizing,1
over.Wires,1
exposed.BFD,1
COnstituent,1
2-3,1
USPS,1
Sat,1
amout,1
pilled,1
78,1
commonwelath,1
state/non,1
94,1
CAppy's,1
Landscaping,1
Alberta,1
Stree,1
[10:17],1
Children's,1
functional.,1
trashed.,1
"Cups,",1
"bowls,",1
wrappers,1
balloons,1
about.,1
Playstead,1
Non-,1
sightings.,1
Y’all,1
fixed?,1
Raymond,1
weren't,1
"filled,",1
pothole.,1
street!!!!,1
replanted,1
COB,1
landscaping,1
growth,1
untenable.,1
[PLANTING],1
BPRD,1
Trump,1
Brandon,1
toddlers.,1
speak,1
(across,1
Ave.).,1
fiiled,1
cedar,1
forward,1
trades,1
"up
so",1
Motor,1
orchard,1
Rockford,1
Dumped,1
[Wheels,1
[0616464191],1
replanted.,1
close/pave,1
existing,1
pit.,1
Somebody,1
backed,1
oval,1
inspected.,1
"Dangerous,",1
Avalon.,1
protest.,1
demonstration,1
shown.,1
harassing,1
grade,1
push,1
child's,1
NeverMind,1
fact,1
pairs,1
sneakers,1
these.,1
Check,1
F,1
W.,1
St..,1
#7,1
dirt.,1
"Steed,",1
PWD:,1
Michael,1
Somers,1
Pallet,1
RECYCLE,1
TOO-,1
steet,1
"rubbish,",1
investigate,1
Emily@,1
617-538-8890,1
Issue,1
---,1
darkness,1
Extension.,1
SLCB#,1
1305,1
LP#,1
16.,1
Pull,1
Tie,1
"moved,",1
shower,1
leaking.,1
Repairmen,1
Unfortunately,1
non-stop,1
spreading,1
Likely,1
rental.,1
[extremely,1
(101004355298).,1
Cutout,1
TUB,1
LEAKING,1
INTO,1
KITCHEN,1
TOWNHOUSE,1
ceramic,1
workers.,1
polluting,1
[E2223],1
REMOVE,1
RETURN,1
STOCK,1
POLE,1
RECTILINEAR,1
CUT,1
AWAY,1
MAKE,1
SAFE,1
CAP,1
FILL,1
SUB,1
BASE,1
GRADE,1
SAFETY,1
Attn:,1
(Parks,1
Rec.),1
[Vacant,1
wires.],1
fell.,1
rotted.,1
possible.,1
elderly.,1
sticking,1
(Ardent,1
Colberg).,1
day-,1
curve,1
Washburn,1
replaced.The,1
tar.The,1
ditch,1
(deeper,1
looks),1
ZERO,1
explanation.,1
Impressive.,1
Zero,1
Sad.,1
explanation,1
level,1
direct,1
"checked,",1
signal.],1
Ashland,1
[Mazda],1
[BrownGoldTan],1
[9BM654],1
advice.Thank,1
You],1
Caller,1
Westin,1
depression,1
ft.,1
Ryder,1
"driveways,",1
buses,1
slow,1
Person,1
yard.Constituent,1
set.],1
[8GZ432],1
Colgate,1
[slow,1
rogue,1
doesnt,1
"drains,",1
resolve,1
constituents,1
Equipment,1
trunk.,1
244,1
Camper,1
Severely,1
Greenley,1
"Side""]",1
motorcycles,1
zero,1
notice,1
6/25,1
9:30-,1
849,1
Broadway.,1
permit?,1
work?,1
invalid,1
places,1
Sticker,1
Colborne,1
writing,1
wipers,1
rainy,1
weather?,1
blinking,1
yellow.,1
4623,1
3126,1
answer),1
101004368,1
number),1
INCREDIBLY,1
shakes,1
incredibly,1
8pm,1
city's,1
7am-6pm.,1
trapping,1
geese,1
"""NO",1
"PARKING""
Someone",1
bumped,1
outs,1
thru.,1
investigator,1
problem.,1
[FL],1
Mother,1
solved,1
towing,1
filling.,1
dipping,1
"chairs,",1
"cones,",1
childs,1
toy,1
(not,1
"duplicate,",1
disasters,1
other!),1
Potty,1
pot.,1
Morris,1
Zbrioks,1
Block,1
longs,1
unbearable.,1
homes.,1
Kelton,1
Scottfield,1
adams,1
perimeter,1
bliss,1
PortaPotty,1
closely,1
[Gloucester],1
[NH],1
Bottle,1
"caps,",1
Ayles.,1
RPP.,1
Barnard,1
[09:20],1
shit,1
Afraid,1
heroin,1
synthetic,1
O'Connell,1
staniford,1
Fallen,1
882-884,1
765,1
"Boston
This",1
parallel,1
Sts.,1
services,1
tilted,1
dumpster],1
emptied.The,1
loosen,1
trash.Thank,1
Abound/Alewife,1
Hedges,1
locking,1
scope,1
presented,1
Bayswater,1
apartment!!,1
caution,1
repainting.,1
Perhaps,1
paint.,1
warning,1
bocce,1
Hire,1
guys!,1
trach,1
"

Can",1
),1
resolve.,1
"Dartmouth,",1
vendome,1
"Memorial,",1
[Abandoned,1
"weeds,",1
Abutting,1
this],1
[Entire,1
Realty],1
Mall,1
Prescott,1
Breman,1
Explorer,1
David,1
617-506-1371,1
[furniture,1
down],1
reconstruction,1
Leyland,1
Garden.,1
crumbles,1
humps,1
Olney,1
speeding.,1
"street!
Please",1
tow!!,1
neglected,1
[BarrelOther],1
[Green,1
carry,1
handles.],1
compacter,1
truck.],1
stadium,1
waited,1
cycles.,1
gutter.,1
[16:07],1
[014030],1
Brakett.The,1
today.They,1
area.That,1
set.,1
(big,1
small),1
forcnearlyv2,1
seat.,1
Stolen,1
[Box,1
bottles],1
Decent,1
sized,1
Tyler,1
rooms,1
Music,1
wee,1
portable,1
Enough,1
enough!,1
back!,1
formed,1
excavation,1
[11:31],1
Current,1
277,1
279,1
2.,1
Basement,1
illegal.,1
motorcycle.,1
sort,1
gone),1
laid,1
damanged.,1
Sinking,1
straighten,1
dangling.,1
Doesn't,1
"

Coincidentally",1
"Saturday.

",1
"straightening.

Thank",1
pear,1
basin,1
protection,1
brings,1
additionally,1
Porto,1
potty,1
@223,1
Cemetery,1
freezer,1
ealk,1
levels,1
lafi,1
tipping,1
meeting,1
discuss,1
hammering.,1
word,1
faith,1
Yield,1
maintained.],1
[8,1
Verizon.,1
MA],1
submited,1
But,1
wrong.,1
101004367419,1
4367659,1
Medal,1
honor,1
normal,1
exhaust,1
fumes?,1
4012,1
Air-conditioned,1
around],1
WHERE,1
guidance,1
4?,1
874,1
Like,1
really?,1
linden/Chester,1
parking?,1
brain?,1
logistic,1
Allston?,1
mansion,1
understand,1
ordinary,1
99.999%,1
[car,1
wedged,1
removed],1
..,1
intersections.,1
fest,1
tolerated,1
Nest,1
alive,1
fern,1
"CVS,",1
there’s,1
reveal,1
sidewalk.You,1
Attracting,1
spoken,1
success,1
contributing,1
problems],1
Among,1
Ayles,1
game-again,1
piece,1
room.,1
promote,1
biking,1
Obstructing,1
difficult.,1
something?,1
404,1
stops,1
seventh,1
250,1
barrows,1
reminants,1
433,1
into.,1
homelss,1
escalate,1
Loudest,1
heard,1
blasting,1
"8am,",1
humming,1
NIGHT,1
"DAY!
Can",1
"is???
It",1
Area,1
"disturbing!!
Especially",1
Albemarle,1
Horrible,1
Hall.,1
Sewerage!,1
Mondays?,1
thursdays,1
dislocated,1
camping,1
mold.,1
now?,1
"streets,",1
social,1
identity,1
politics?,1
hut.,1
"out
Was",1
couch!,1
delivered.,1
bumper,1
manager/landlord,1
sticky,1
catching,1
believes,1
cats.],1
collector,1
Condor,1
"exists,",1
significantly,1
[Property,1
distressed,1
Seen,1
front.,1
Basin,1
23/3.,1
Freeport,1
morrissey,1
[R9#0034185],1
sets,1
unhoused,1
Gillette,1
"blankets,",1
(sometimes,1
needles),1
"

Also,",1
Services,1
park?,1
[Three,1
-],1
[R9#0036499],1
[metal,1
off],1
[R9004158],1
[DO,1
REPLACE,1
ONE],1
[R#p004158],1
23/6.,1
vines/branches,1
thorny,1
vines.,1
Hit,1
face,1
chair!!!,1
"sidewalks,",1
snows.,1
swimming,1
pool!!,1
Mt,1
Ida,1
"materials,",1
Landsdowne.,1
wait,1
MASCO,1
shuttle,1
"bus,",1
takes,1
hospital,1
employees,1
Longwood,1
Medical,1
rerouted.,1
Branch,1
Currently,1
easement!!,1
owner.,1
"bins,",1
rousted,1
nests,1
!!,1
encourage,1
grasss,1
loactiona,1
[0613450226],1
[R9#022221],1
#019344,1
"
Called",1
x2,1
[We,1
happened.,1
time.],1
58,1
kep,1
Robey.,1
[(thursday)],1
disappeared,1
requeesting,1
thanks],1
[R9#0041761],1
[R9#017240],1
[R9#009177],1
beach,1
potties,1
broken.need,1
Terrible,1
year.],1
[0413404499],1
#006142,1
Needles,1
[18:47],1
[Under,1
"nest,",1
basement.],1
Optima,1
6-22.,1
Impeding,1
trucks.,1
Contituent,1
[rats,1
cafe,1
(it's,1
closed),1
yelling,1
/being,1
eaten,1
possible.],1
7:18pm,1
Bakersfield,1
Trescott,1
Posted,1
non-posted,1
[Posted],1
sideyar,1
rats.],1
6:45am.,1
6-30-22,1
AM.,1
Lynch,1
Ninth,1
Patterson,1
"Way,",1
Mercer,1
female,1
doorway.,1
Granted,1
Constellation,1
DAS,1
Antenna,1
Extenet,1
resolution.,1
signs..,1
Sunday.The,1
hop,1
combat,1
problem],1
348,1
2of2,1
2...person,1
ship,1
…,1
whdh,1
mondays,1
Clifford,1
121,1
Beach,1
unbagged,1
food.,1
wcvb,1
[dzg348],1
[MI],1
@8:11pm,1
over.BFD,1
location.Contacted,1
dangle,1
09:05,1
boylston,1
arlington,1
ma],1
parking/valet,1
"reported,",1
homelees,1
tent,1
Sitting,1
Foresr,1
hadicap,1
tipped,1
strret,1
Piedmont,1
piedmont,1
village,1
poop.,1
"plates,",1
8:43pm.,1
Seems,1
HELP!!!,1
Esplanade,1
appalling!,1
resolving,1
this!,1
Dalton,1
Hearing,1
eliminated.,1
Parkway,1
Exited,1
dentist,1
office.,1
nesting,1
bridge?,1
cluster,1
bushes.,1
Thought,1
bunnies,1
am-1,1
horn,1
"hours,",1
Rocky,1
Nook,1
Terrace,1
Glen,1
hide,1
various,1
34-42,1
Brainerd,1
Residents',1
sealed,1
Crazy,1
didn’t,1
doubt,1
app,1
"left
White",1
Civic,1
hotel,1
valet,1
"hour,",1
permission,1
parkd,1
[Camry,1
maroon],1
[3FDV71],1
barrel/contents,1
"permits,",1
Valet,1
mark,1
parking/calet,1
Nonresident,1
8:35,1
...rodents,1
chillen,1
twice,1
[H,1
[truck,1
model],1
GSH,1
1958,1
LGA1126,1
zone/Tow,1
Frost,1
Fullerton,1
Reporting,1
substances,1
generator,1
Simple,1
"Maverick,",1
impassable.,1
trafficked,1
proving,1
9-10,1
boardwalk,1
skating,1
deter,1
Non-resident,1
residental,1
Looking,1
over.],1
nothing.,1
we'll,1
lifeguard,1
larger.,1
patrons,1
"noise,",1
"this,",1
change,1
routes,1
report.,1
on-ramp,1
frontage,1
bike..,1
"
being",1
"ridden..
Disturbing",1
reckless,1
operation,1
Pleas,1
Acura,1
Driver,1
drywall?,1
builder,1
jerk,1
Institute,1
7:14pm,1
tinted,1
covers.,1
[1st,1
[1MEY96],1
2ft,1
Allison,1
hooked,1
[Centre],1
[Several,1
Steps,1
Housing,1
Authority,1
Orton,1
Marotta,1
Way.,1
disgrace,1
backwards,1
developers,1
carpetbaggers,1
ruining,1
loft,1
"intersection.
No",1
"
Unable",1
"
Fire",1
"Truck,",1
"concern.
This",1
"


for",1
"enforced.
This",1
"
Ticket",1
"
I've",1
photos-,1
Pilot,1
hazard!,1
Heard,1
(again),1
swaying.,1
Hanging,1
degree,1
Partially,1
[8GYD30],1
Miner,1
STILL,1
TICKET,1
TOW.,1
MOVED.,1
accidents,1
[STOP,1
[7VT211],1
jammed.,1
"unity,",1
"tileston,",1
Wiggin,1
comes.,1
[Cambridge,1
tagg,1
tow],1
Down,1
6/17/22,1
[4BPJ64],1
[Nissan],1
[1SYV62],1
Car],1
Pickup,1
IMSOL8,1
Drainage,1
(Tremont),1
problematic,1
rains.,1
cleared.,1
hydrant⁹,1
4pm,1
11pm,1
MA:,1
479-em8,1
overturned.,1
supplies,1
Ring-and-Run,1
syringes,1
exposed,1
western,1
(odd,1
iron,1
#76,1
Individual,1
scaffolding.,1
Driveway-,1
[1lt763],1
Blood,1
soaked,1
bandage.,1
Scattered,1
outage:,1
Cameras,1
spear,1
strollers,1
(getting,1
rained,1
on),1
Zone/No,1
driveways,1
Sometimes,1
"zone""",1
Causeway,1
gazebo,1
located.,1
French,1
sewage,1
"Therefore,",1
drop/wire.,1
Holden,1
Newbury.,1
Stacey,1
Kraft,1
Lindsay,1
"Simon,",1
Flair,1
"Newbury,",1
Suite,1
"202,",1
boxes.,1
Delivery,1
bus.,1
wonderful,1
Land,1
Rover,1
wiggin,1
vehile,1
loction.,1
[MAZDA],1
[2tkl15],1
B311.,1
passenger-plated,1
"""Commercial",1
"Only""",1
95,1
13th,1
Marina,1
Pier,1
"8.

Thanks",1
B311,1
boat,1
permit-,1
pod,1
Chacho's,1
back.The,1
wyvern,1
Naponset,1
imposible,1
Oriental,1
(MA,1
invasive,1
prohibited,1
list),1
kill,1
[KH600],1
[RI],1
buggy,1
Parris,1
Landing,1
"dangerous,constituent",1
vision,1
markngs,1
bette,1
defined,1
Brightview,1
Baby,1
carriages,1
restricting,1
pathway,1
DRIVEWAY,1
shared,1
1SBS,1
Q8,1
1AEL,1
82,1
driveway.The,1
[And,1
1AEL82],1
[1SVS42],1
Tras,1
(facing,1
southeast),1
space.,1
snapped,1
"""hanger""",1
buchanan,1
[101004367076-,1
window.],1
Consituent,1
quite,1
"heavy,",1
what's,1
investiage,1
OCCU-1349525,1
Stephen,1
02115.,1
concert.,1
U-Haul,1
431,1
PLace,1
dumpter,1
Cricket,1
BCYF,1
website,1
allows,1
swim,1
repairs.,1
option,1
BCYF-Perfect,1
Mind,1
website?,1
(3)],1
[hanford],1
mini,1
lux.,1
cant'get,1
Gutter,1
"2:35pm,",1
working.],1
Cruelty,1
animals.,1
sun.,1
"heating,",1
respiratory,1
rate,1
tongue,1
changing,1
color.,1
control.,1
Capped,1
"
Pls",1
Larger,1
unwanted,1
Pinckney.,1
Bin,1
stolen/taken,1
[4YSY29],1
"block,",1
ubers,1
street...this,1
Causing,1
catchbasins.,1
[4bsf11],1
1642,1
Wednesday.,1
6/22/22.,1
"dash,",1
"uber,",1
grub,1
hub,1
[multiple,1
Standing,1
yield,1
area.],1
Flashing,1
flashing.,1
Red/Marroon,1
[K37795],1
watering,1
ripped.,1
sidewalk.Notified,1
Repeat,1
offender.,1
"water,",1
backs,1
Airplane,1
Offensive,1
tenant,1
Towers,1
Northampton/860,1
dealing,1
"apartments,",1
15th,1
extreme,1
for.,1
towers,1
managed,1
Trinity,1
yet.,1
recent,1
"report,
Seagull",1
traitors,1
theees,1
",
The",1
Vernon,1
"Thurs,",1
30th,1
"activity,",1
